date,WTI_Price,Brent_Price,DJI,EUR-USD,GBP-USD,CNY-USD,Gold_Price,Natural_Gas,Silver_Price,SP500,US10B,US_Index
1/1/2022,74.597,76.705,36313.912,1.138,1.351,6.335,1804.491,3.732,22.810,4765.563,130.183,95.999
1/2/2022,74.991,77.210,36369.914,1.134,1.352,6.334,1805.394,3.768,22.810,4776.110,129.757,96.091
1/3/2022,75.990,78.250,36585.060,1.129,1.350,6.350,1805.900,3.680,22.810,4796.600,129.440,96.210
1/4/2022,77.000,79.390,36799.650,1.129,1.350,6.370,1811.400,3.580,23.056,4793.500,129.280,96.260
1/5/2022,77.830,80.600,36407.110,1.131,1.360,6.360,1826.300,3.710,23.170,4700.600,128.840,96.170
1/6/2022,79.470,81.990,36236.470,1.129,1.350,6.380,1789.400,3.670,22.190,4696.100,128.530,96.320
1/7/2022,79.000,82.280,36231.660,1.136,1.360,6.380,1792.600,3.730,22.409,4677.000,128.300,95.720
1/8/2022,77.664,81.228,36145.952,1.138,1.367,6.379,1797.021,3.790,22.573,4655.136,128.118,95.563
1/9/2022,76.968,80.357,36045.464,1.134,1.365,6.381,1793.664,3.814,22.465,4650.495,128.042,95.829
1/10/2022,78.110,81.560,36068.870,1.132,1.360,6.380,1794.200,3.830,22.462,4670.300,128.140,95.990
1/11/2022,81.170,84.980,36252.020,1.136,1.360,6.370,1806.800,3.970,22.812,4713.100,128.390,95.620
1/12/2022,82.510,85.830,36290.320,1.144,1.370,6.360,1821.400,4.330,23.207,4726.400,128.580,94.920
1/13/2022,81.970,85.800,36113.620,1.145,1.370,6.360,1820.400,4.010,23.162,4659.000,128.720,94.790
1/14/2022,83.820,87.170,35911.810,1.141,1.370,6.350,1823.000,4.080,22.918,4662.900,128.190,95.170
1/15/2022,84.925,87.757,35792.586,1.142,1.367,6.345,1823.645,4.256,23.031,4669.091,127.829,95.216
1/16/2022,84.917,87.646,35712.271,1.144,1.363,6.346,1821.127,4.340,23.342,4652.548,127.840,95.090
1/17/2022,84.759,87.820,35595.891,1.141,1.360,6.350,1817.900,4.280,23.492,4619.730,127.880,95.260
1/18/2022,85.420,88.830,35368.470,1.133,1.360,6.350,1817.300,4.050,23.492,4577.100,127.380,95.730
1/19/2022,86.840,89.640,35028.650,1.134,1.360,6.340,1827.000,3.850,24.231,4532.800,127.670,95.510
1/20/2022,86.290,89.750,34715.390,1.131,1.360,6.340,1845.400,3.650,24.716,4482.700,127.700,95.740
1/21/2022,85.160,89.750,34265.370,1.134,1.360,6.340,1837.600,3.780,24.320,4397.900,128.310,95.640
1/22/2022,84.139,88.850,34133.286,1.136,1.357,6.335,1826.043,3.890,23.949,4383.275,128.713,95.645
1/23/2022,83.719,87.768,34252.178,1.134,1.353,6.330,1822.599,3.904,23.804,4411.568,128.731,95.803
1/24/2022,84.480,87.740,34364.500,1.132,1.350,6.330,1831.600,3.880,23.800,4410.100,128.520,95.920
1/25/2022,86.610,89.490,34297.730,1.130,1.350,6.330,1847.300,3.890,23.896,4356.400,128.120,95.950
1/26/2022,88.330,91.220,34168.090,1.124,1.350,6.320,1836.000,4.040,23.807,4349.900,127.520,96.390
1/27/2022,87.610,90.700,34160.780,1.114,1.340,6.360,1806.800,4.280,22.676,4326.500,127.660,97.250
1/28/2022,87.670,91.470,34725.470,1.114,1.340,6.360,1788.200,4.470,22.320,4431.900,127.950,97.270
1/29/2022,88.464,92.797,35043.104,1.117,1.339,6.355,1784.290,4.658,22.283,4502.733,128.098,97.000
1/30/2022,89.185,93.420,35085.332,1.120,1.337,6.357,1788.974,4.769,22.310,4516.484,128.098,96.733
1/31/2022,89.160,92.350,35131.860,1.123,1.340,6.360,1795.300,4.680,22.419,4515.600,127.970,96.540
2/1/2022,88.220,90.240,35405.240,1.127,1.350,6.360,1799.900,4.570,22.618,4546.500,127.880,96.390
2/2/2022,88.160,91.430,35629.330,1.130,1.360,6.360,1803.700,5.040,22.730,4589.400,128.120,95.940
2/3/2022,90.170,92.990,35111.160,1.144,1.360,6.360,1792.700,4.720,22.397,4477.400,127.640,95.380
2/4/2022,92.270,96.860,35089.740,1.145,1.350,6.360,1804.700,4.490,22.497,4500.500,126.770,95.490
2/5/2022,93.214,98.783,35078.147,1.144,1.346,6.357,1811.782,4.337,22.728,4516.318,126.609,95.493
2/6/2022,92.859,98.471,35009.288,1.145,1.347,6.355,1811.399,4.218,22.932,4496.537,126.879,95.364
2/7/2022,91.250,97.280,35091.130,1.144,1.350,6.360,1813.600,4.200,23.098,4483.900,126.910,95.400
2/8/2022,89.320,96.070,35462.780,1.141,1.350,6.370,1822.600,4.220,23.221,4521.500,126.580,95.640
2/9/2022,89.570,94.950,35768.060,1.142,1.350,6.360,1827.800,3.980,23.362,4587.200,126.750,95.490
2/10/2022,89.830,96.370,35241.590,1.143,1.360,6.350,1835.400,3.940,23.545,4504.100,125.800,95.550
2/11/2022,93.100,97.500,34738.060,1.135,1.360,6.350,1831.200,3.940,23.392,4418.640,126.390,96.080
2/12/2022,96.310,99.826,34429.521,1.129,1.357,6.358,1843.629,4.005,23.594,4371.008,126.717,96.464
2/13/2022,97.489,102.040,34347.188,1.128,1.353,6.365,1863.082,4.103,23.936,4363.232,126.429,96.552
2/14/2022,95.520,101.660,34566.170,1.131,1.350,6.360,1866.200,4.160,23.877,4401.670,125.980,96.370
2/15/2022,92.070,98.430,34988.840,1.136,1.350,6.340,1848.600,4.240,23.369,4471.070,125.730,95.990
2/16/2022,93.830,97.440,34934.270,1.137,1.360,6.330,1862.600,4.570,23.633,4475.010,125.810,95.700
2/17/2022,91.780,95.280,34312.030,1.136,1.360,6.340,1893.500,4.430,23.903,4380.260,126.420,95.800
2/18/2022,91.260,96.180,34079.180,1.132,1.360,6.330,1893.600,4.380,24.019,4348.870,126.670,96.040
2/19/2022,91.590,97.672,34054.930,1.130,1.360,6.322,1888.835,4.432,24.141,4359.280,126.643,96.144
2/20/2022,91.914,98.626,34038.483,1.130,1.359,6.323,1889.102,4.580,24.258,4373.042,126.810,96.129
2/21/2022,92.123,98.950,33921.742,1.131,1.360,6.330,1894.500,4.710,24.311,4363.690,127.140,96.080
2/22/2022,92.110,98.730,33596.610,1.133,1.360,6.330,1900.100,4.460,24.331,4304.760,126.470,96.030
2/23/2022,92.140,99.290,33131.760,1.131,1.350,6.310,1904.700,4.590,24.574,4225.500,126.280,96.190
2/24/2022,92.770,101.290,33223.830,1.119,1.340,6.330,1936.300,4.640,24.697,4288.700,126.470,97.140
2/25/2022,91.680,98.560,34058.750,1.127,1.340,6.320,1884.800,4.490,24.017,4384.650,126.250,96.610
2/26/2022,90.998,97.019,34560.344,1.133,1.344,6.310,1862.801,4.372,23.474,4438.536,126.036,96.105
2/27/2022,92.181,98.578,34485.612,1.130,1.346,6.310,1882.383,4.347,23.523,4436.801,126.303,96.157
2/28/2022,96.130,103.080,33892.600,1.122,1.340,6.310,1909.900,4.420,24.366,4373.940,127.450,96.710
3/1/2022,103.660,110.930,33294.950,1.113,1.330,6.310,1922.000,4.600,25.541,4306.260,128.720,97.410
3/2/2022,110.740,118.940,33891.350,1.112,1.340,6.320,1928.500,4.790,25.190,4386.540,127.310,97.390
3/3/2022,107.690,115.360,33794.660,1.106,1.330,6.320,1929.600,4.740,25.212,4363.490,127.560,97.790
3/4/2022,115.770,123.860,33614.800,1.093,1.320,6.320,1945.300,5.040,25.789,4328.870,128.530,98.650
3/5/2022,118.743,127.506,33437.571,1.085,1.315,6.320,1943.318,5.210,25.607,4298.447,128.958,99.138
3/6/2022,117.131,126.442,33180.266,1.084,1.313,6.320,1942.823,5.128,25.216,4258.367,128.767,99.263
3/7/2022,119.260,129.020,32817.380,1.085,1.310,6.320,1981.000,4.860,25.720,4201.090,128.080,99.290
3/8/2022,123.640,133.180,32632.640,1.090,1.310,6.320,2039.100,4.560,26.895,4170.700,127.170,99.060
3/9/2022,108.810,116.580,33286.250,1.108,1.320,6.320,1988.900,4.560,25.816,4277.880,126.590,97.970
3/10/2022,105.930,114.540,33174.070,1.098,1.310,6.320,1996.600,4.670,26.256,4259.520,126.090,98.510
3/11/2022,109.310,118.110,32944.190,1.091,1.300,6.340,1978.700,4.770,26.160,4204.310,126.020,99.120
3/12/2022,110.448,118.356,32749.031,1.090,1.298,6.351,1970.706,4.811,25.761,4158.945,125.741,99.212
3/13/2022,108.347,115.346,32689.862,1.092,1.300,6.353,1971.254,4.786,25.438,4141.253,125.285,99.059
3/14/2022,103.220,110.390,32945.240,1.094,1.300,6.360,1954.100,4.700,25.298,4173.110,124.950,99.000
3/15/2022,96.420,105.140,33544.340,1.095,1.300,6.370,1913.700,4.620,25.158,4262.450,124.810,99.100
3/16/2022,94.850,104.610,34063.100,1.103,1.310,6.350,1913.200,4.780,24.710,4357.860,124.450,98.620
3/17/2022,102.970,113.500,34480.760,1.109,1.310,6.350,1949.700,5.020,25.616,4411.670,124.520,97.970
3/18/2022,104.690,114.320,34754.930,1.106,1.320,6.360,1935.800,4.900,25.087,4463.120,124.810,98.230
3/19/2022,107.210,116.617,34675.930,1.102,1.321,6.361,1931.116,4.753,24.909,4462.956,125.192,98.492
3/20/2022,110.874,120.758,34484.964,1.101,1.317,6.358,1938.794,4.743,25.226,4442.169,124.840,98.542
3/21/2022,112.140,122.290,34552.990,1.101,1.320,6.360,1935.100,4.930,25.313,4461.180,123.440,98.500
3/22/2022,111.030,121.530,34807.460,1.103,1.330,6.370,1915.300,5.230,24.904,4511.610,122.920,98.490
3/23/2022,114.890,127.520,34358.500,1.100,1.320,6.370,1931.800,5.270,25.189,4456.240,123.140,98.620
3/24/2022,114.200,123.980,34707.940,1.100,1.320,6.370,1965.200,5.450,25.920,4520.160,122.920,98.790
3/25/2022,116.200,122.670,34861.240,1.098,1.320,6.370,1953.800,5.610,25.615,4543.060,121.550,98.790
3/26/2022,116.084,121.172,34815.182,1.095,1.317,6.372,1949.342,5.718,25.434,4537.246,120.865,98.991
3/27/2022,112.793,118.207,34795.290,1.094,1.313,6.374,1951.410,5.721,25.440,4540.480,121.056,99.214
3/28/2022,107.550,114.500,34955.890,1.098,1.310,6.370,1937.100,5.540,25.196,4575.520,121.700,99.090
3/29/2022,104.250,112.790,35294.190,1.109,1.310,6.360,1910.000,5.330,24.736,4631.600,122.330,98.400
3/30/2022,107.810,115.590,35228.810,1.116,1.310,6.350,1933.900,5.660,25.146,4602.450,122.620,97.790
3/31/2022,100.530,107.290,34678.350,1.107,1.310,6.340,1942.200,5.700,25.158,4530.410,122.880,98.310
4/1/2022,99.320,106.130,34818.270,1.105,1.310,6.360,1929.400,5.800,24.689,4545.860,122.230,98.630
4/2/2022,100.887,107.305,35034.057,1.105,1.310,6.370,1919.301,5.757,24.483,4582.210,122.160,98.684
4/3/2022,102.377,107.957,35071.400,1.103,1.310,6.366,1918.852,5.670,24.540,4600.153,122.428,98.736
4/4/2022,103.290,108.150,34921.880,1.097,1.310,6.360,1930.300,5.790,24.636,4582.640,122.090,99.000
4/5/2022,101.980,106.600,34641.180,1.090,1.310,6.360,1944.100,6.110,24.588,4525.120,120.920,99.470
4/6/2022,96.390,100.810,34496.510,1.089,1.310,6.360,1930.200,6.110,24.509,4481.150,120.690,99.600
4/7/2022,96.050,99.830,34583.570,1.088,1.310,6.360,1932.400,6.440,24.785,4500.210,120.550,99.750
4/8/2022,98.350,101.260,34721.120,1.088,1.300,6.360,1941.400,6.360,24.866,4488.280,120.120,99.800
4/9/2022,96.621,99.409,34699.825,1.090,1.296,6.363,1946.437,6.395,24.741,4466.328,119.678,99.709
4/10/2022,93.524,96.755,34536.894,1.092,1.299,6.367,1948.780,6.586,24.691,4442.955,119.480,99.673
4/11/2022,94.220,97.920,34308.080,1.088,1.300,6.370,1951.600,6.720,25.022,4412.530,119.750,99.930
4/12/2022,100.520,104.420,34220.360,1.083,1.300,6.370,1960.900,6.760,25.769,4397.450,120.500,100.290
4/13/2022,104.260,108.490,34564.590,1.089,1.310,6.370,1976.800,7.100,26.060,4446.590,120.800,99.880
4/14/2022,106.840,110.830,34451.230,1.083,1.310,6.380,1963.300,7.420,25.735,4392.590,119.940,100.320
4/15/2022,109.661,111.541,34217.012,1.081,1.310,6.370,1963.300,7.807,25.801,4335.862,119.538,100.320
4/16/2022,111.753,110.850,34081.177,1.080,1.308,6.355,1964.248,8.158,26.183,4316.502,119.678,100.295
4/17/2022,111.738,109.270,34120.484,1.079,1.304,6.349,1962.694,8.275,26.453,4334.961,119.874,100.459
4/18/2022,108.240,107.313,34411.690,1.078,1.300,6.360,1963.300,7.960,26.181,4391.690,119.640,100.780
4/19/2022,102.540,105.490,34911.200,1.079,1.300,6.390,1964.000,7.280,25.426,4462.210,119.110,100.960
4/20/2022,102.560,105.050,35160.790,1.085,1.310,6.420,1949.600,7.070,25.303,4459.450,119.500,100.390
4/21/2022,103.890,107.200,34792.760,1.084,1.300,6.450,1943.700,7.100,24.657,4393.660,118.750,100.580
4/22/2022,102.860,105.150,33811.400,1.079,1.280,6.500,1941.600,6.660,24.280,4271.780,118.940,101.220
4/23/2022,100.434,101.334,33695.231,1.077,1.272,6.535,1923.723,6.491,24.057,4261.935,119.195,101.499
4/24/2022,98.653,98.642,34089.714,1.075,1.272,6.552,1901.504,6.629,23.866,4311.415,119.319,101.550
4/25/2022,99.600,99.270,34049.460,1.071,1.270,6.560,1895.000,6.810,23.698,4296.120,119.610,101.750
4/26/2022,102.620,102.890,33240.180,1.064,1.260,6.560,1904.600,6.980,23.572,4175.200,120.050,102.300
4/27/2022,101.960,103.300,33301.930,1.056,1.250,6.560,1885.800,7.340,23.483,4183.960,119.800,102.950
4/28/2022,105.470,105.780,33916.390,1.049,1.250,6.620,1888.500,6.990,23.181,4287.500,119.360,103.620
4/29/2022,104.590,108.360,32977.210,1.054,1.260,6.610,1911.300,7.360,23.085,4131.930,119.160,102.960
4/30/2022,104.988,107.504,32588.209,1.056,1.262,6.598,1930.436,7.536,22.892,4064.900,118.895,102.818
5/1/2022,106.311,104.766,32863.856,1.054,1.257,6.602,1933.522,7.471,22.653,4111.442,118.576,103.288
5/2/2022,105.180,102.970,33061.500,1.050,1.250,6.610,1911.300,7.570,22.584,4155.380,118.340,103.740
5/3/2022,102.530,104.940,33128.790,1.052,1.250,6.610,1869.700,8.030,22.665,4175.480,118.520,103.460
5/4/2022,107.840,110.530,34061.060,1.062,1.260,6.610,1863.700,8.470,22.402,4300.170,119.160,102.590
5/5/2022,108.170,112.110,32997.970,1.054,1.240,6.650,1892.300,8.840,22.443,4146.870,118.060,103.750
5/6/2022,109.720,113.860,32899.370,1.055,1.230,6.670,1882.400,8.130,22.367,4123.340,117.800,103.660
5/7/2022,109.956,113.996,32827.790,1.058,1.228,6.689,1869.281,7.410,22.294,4090.442,117.660,103.358
5/8/2022,107.658,111.599,32505.806,1.058,1.229,6.712,1863.671,7.061,22.169,4024.779,117.756,103.370
5/9/2022,103.080,106.670,32245.700,1.056,1.230,6.730,1860.900,7.110,21.820,3991.240,118.190,103.650
5/10/2022,99.740,102.610,32160.740,1.053,1.230,6.730,1857.400,7.470,21.424,4001.050,118.780,103.920
5/11/2022,105.500,107.700,31834.110,1.051,1.230,6.720,1852.000,7.730,21.575,3935.180,119.270,103.850
5/12/2022,106.150,108.060,31730.300,1.038,1.220,6.790,1837.100,7.840,20.773,3930.080,120.000,104.850
5/13/2022,110.520,112.120,32196.660,1.041,1.230,6.790,1811.600,7.770,21.001,4023.890,119.170,104.560
5/14/2022,113.836,115.112,32220.886,1.041,1.229,6.794,1795.511,7.726,21.287,4026.599,119.280,104.477
5/15/2022,114.679,115.676,32018.322,1.038,1.221,6.803,1794.608,7.804,21.390,3981.640,119.803,104.605
5/16/2022,114.070,114.860,32223.420,1.043,1.230,6.780,1809.500,8.050,21.551,4008.010,119.670,104.190
5/17/2022,112.310,112.890,32654.590,1.055,1.250,6.730,1825.000,8.390,21.750,4088.850,118.860,103.360
5/18/2022,109.670,110.040,31490.070,1.047,1.230,6.750,1810.700,8.460,21.544,3923.680,119.440,103.810
5/19/2022,112.210,113.220,31253.130,1.059,1.250,6.710,1844.000,8.400,21.908,3900.790,119.700,102.720
5/20/2022,112.630,113.630,31261.900,1.056,1.250,6.690,1834.200,8.180,21.674,3901.360,120.120,103.150
5/21/2022,111.147,113.606,31424.329,1.055,1.253,6.677,1827.323,8.284,21.428,3929.331,119.948,103.261
5/22/2022,109.807,114.234,31687.412,1.061,1.261,6.662,1837.385,8.604,21.441,3968.254,119.511,102.717
5/23/2022,110.320,115.130,31880.240,1.069,1.260,6.650,1856.200,8.830,21.723,3973.750,119.580,102.080
5/24/2022,112.550,115.770,31928.620,1.073,1.250,6.650,1867.100,8.840,22.063,3941.480,120.380,101.860
5/25/2022,112.880,116.410,32120.280,1.068,1.260,6.690,1847.200,8.990,21.870,3978.730,120.590,102.060
5/26/2022,116.190,119.810,32637.190,1.072,1.260,6.740,1848.300,8.900,21.965,4057.840,120.590,101.830
5/27/2022,114.960,121.190,33212.960,1.073,1.260,6.700,1851.800,8.710,22.138,4158.240,120.480,101.670
5/28/2022,113.467,121.033,33512.060,1.074,1.265,6.665,1858.209,8.712,22.061,4215.141,120.637,101.680
5/29/2022,113.165,121.113,33524.714,1.077,1.270,6.657,1862.490,8.820,21.842,4221.432,120.550,101.725
5/30/2022,113.615,123.010,33325.781,1.078,1.270,6.660,1855.000,8.690,21.688,4189.605,119.970,101.670
5/31/2022,114.380,125.530,32990.120,1.073,1.260,6.670,1838.700,8.140,21.737,4132.150,119.840,101.750
6/1/2022,115.260,122.200,32813.230,1.065,1.250,6.690,1844.900,8.690,21.962,4101.230,119.050,102.500
6/2/2022,116.880,122.799,33248.280,1.075,1.260,6.660,1844.900,8.470,22.330,4176.820,119.280,101.820
6/3/2022,118.970,125.680,32899.700,1.072,1.250,6.660,1844.900,8.510,21.963,4108.540,119.050,102.140
6/4/2022,119.439,126.235,32613.756,1.069,1.241,6.657,1845.564,8.764,21.793,4060.140,118.566,102.510
6/5/2022,118.808,125.281,32650.476,1.069,1.241,6.647,1846.208,9.051,21.936,4073.444,118.265,102.566
6/6/2022,118.410,124.990,32915.780,1.069,1.250,6.650,1847.200,9.310,22.147,4121.430,118.450,102.440
6/7/2022,119.550,126.890,33180.140,1.070,1.260,6.670,1849.600,9.280,22.233,4160.680,118.950,102.320
6/8/2022,121.940,129.200,32910.900,1.071,1.250,6.680,1853.000,8.680,22.148,4115.770,118.610,102.540
6/9/2022,121.520,128.470,32272.790,1.061,1.250,6.690,1844.900,8.980,21.864,4017.820,118.420,103.220
6/10/2022,120.730,127.440,31392.790,1.052,1.230,6.710,1830.000,8.870,21.979,3900.860,117.310,104.150
6/11/2022,120.747,127.599,30892.514,1.045,1.219,6.730,1828.448,9.091,21.971,3825.587,116.654,104.647
6/12/2022,121.055,128.278,30699.883,1.042,1.216,6.745,1833.597,9.292,21.720,3784.560,116.380,104.835
6/13/2022,120.920,128.440,30516.740,1.041,1.210,6.750,1830.900,8.620,21.305,3749.630,115.800,105.080
6/14/2022,118.920,127.020,30364.830,1.041,1.200,6.740,1818.300,7.180,21.000,3735.480,114.970,105.520
6/15/2022,115.320,124.960,30668.530,1.044,1.220,6.710,1823.800,7.410,21.463,3789.990,115.690,105.160
6/16/2022,117.560,125.780,29927.070,1.055,1.240,6.700,1826.500,7.440,21.928,3666.770,116.340,103.630
6/17/2022,109.560,119.220,29888.780,1.050,1.220,6.720,1841.600,6.910,21.635,3674.840,116.690,104.700
6/18/2022,105.585,115.633,30126.556,1.047,1.212,6.721,1845.824,6.680,21.476,3719.533,116.350,105.392
6/19/2022,107.317,116.285,30338.728,1.049,1.221,6.705,1840.314,6.700,21.581,3748.925,115.950,105.167
6/20/2022,110.404,118.250,30486.294,1.051,1.230,6.690,1836.500,6.710,21.768,3763.762,115.920,104.700
6/21/2022,110.490,118.510,30530.250,1.053,1.230,6.690,1840.300,6.780,21.813,3764.790,115.640,104.430
6/22/2022,106.220,115.540,30483.130,1.057,1.230,6.700,1841.900,6.870,21.465,3759.890,116.800,104.200
6/23/2022,105.750,114.500,30677.360,1.052,1.230,6.700,1841.900,6.280,21.056,3795.730,117.340,104.430
6/24/2022,109.070,117.360,31500.680,1.055,1.230,6.690,1825.500,6.280,21.139,3911.740,117.200,104.180
6/25/2022,110.501,118.572,31965.692,1.059,1.232,6.680,1820.198,6.441,21.312,3976.919,117.032,103.869
6/26/2022,110.515,118.535,31897.764,1.060,1.233,6.677,1824.631,6.535,21.357,3967.443,116.888,103.759
6/27/2022,111.440,119.690,31438.260,1.058,1.230,6.690,1826.300,6.550,21.178,3900.110,116.670,103.940
6/28/2022,113.660,122.210,30946.990,1.052,1.220,6.710,1819.100,6.570,20.839,3821.550,116.560,104.510
6/29/2022,111.650,120.800,31029.310,1.044,1.210,6.700,1817.800,6.490,20.738,3818.830,117.380,105.110
6/30/2022,107.760,119.780,30775.430,1.048,1.220,6.700,1817.000,5.390,20.352,3785.380,118.390,104.680
7/1/2022,110.300,119.210,31097.260,1.043,1.210,6.700,1797.500,5.710,19.667,3825.330,118.950,105.140
7/2/2022,111.231,122.525,31313.997,1.043,1.206,6.694,1800.550,5.806,19.254,3855.907,119.360,105.077
7/3/2022,109.072,125.575,31269.805,1.046,1.209,6.690,1814.347,5.710,19.127,3856.988,119.380,104.744
7/4/2022,105.340,121.800,31106.981,1.042,1.210,6.700,1808.400,5.850,19.121,3843.756,119.110,105.140
7/5/2022,101.550,110.490,30967.820,1.027,1.200,6.720,1772.000,5.490,19.121,3831.390,119.610,106.540
7/6/2022,100.310,108.540,31037.680,1.018,1.190,6.710,1754.300,5.480,19.159,3845.080,118.880,107.100
7/7/2022,104.620,113.400,31384.550,1.016,1.200,6.700,1748.000,6.260,19.188,3902.620,118.080,107.130
7/8/2022,106.780,113.950,31338.150,1.018,1.200,6.690,1738.200,5.970,19.236,3899.380,117.420,107.010
7/9/2022,109.314,116.006,31274.469,1.016,1.196,6.694,1737.345,5.975,19.308,3887.556,117.369,107.215
7/10/2022,110.395,117.934,31256.296,1.009,1.192,6.708,1741.359,6.295,19.312,3877.416,117.758,107.644
7/11/2022,106.090,114.850,31173.840,1.004,1.190,6.720,1740.000,6.320,19.132,3854.430,118.190,108.020
7/12/2022,97.690,106.980,30981.330,1.004,1.190,6.720,1730.700,6.020,18.958,3818.800,118.470,108.070
7/13/2022,98.440,107.170,30772.790,1.006,1.190,6.720,1724.600,6.590,19.194,3801.780,118.770,107.960
7/14/2022,97.790,107.740,30630.170,1.002,1.180,6.750,1700.700,6.510,18.225,3790.380,118.420,108.540
7/15/2022,99.590,112.260,31288.260,1.009,1.190,6.760,1706.200,6.930,18.594,3863.160,118.560,108.060
7/16/2022,101.507,116.404,31329.908,1.011,1.198,6.755,1716.605,7.393,18.981,3859.938,118.720,107.791
7/17/2022,102.910,118.214,30980.447,1.010,1.200,6.747,1721.082,7.577,18.990,3814.284,118.666,107.755
7/18/2022,104.480,117.270,31072.610,1.014,1.200,6.740,1719.100,7.380,18.840,3830.850,118.380,107.370
7/19/2022,106.120,114.960,31827.050,1.022,1.200,6.740,1713.100,7.150,18.713,3936.690,117.880,106.680
7/20/2022,104.450,115.860,31874.840,1.018,1.200,6.750,1709.300,7.900,18.668,3959.900,117.660,107.080
7/21/2022,98.440,112.810,32036.900,1.023,1.200,6.770,1705.100,7.820,18.719,3998.950,118.780,106.910
7/22/2022,97.710,106.770,31899.290,1.021,1.200,6.750,1737.000,8.200,18.617,3961.630,119.780,106.730
7/23/2022,99.389,105.331,31926.971,1.023,1.201,6.737,1744.907,8.429,18.409,3960.564,119.980,106.376
7/24/2022,100.666,107.149,32058.212,1.027,1.202,6.739,1730.302,8.451,18.256,3983.998,119.733,106.124
7/25/2022,99.830,108.230,31990.040,1.022,1.200,6.750,1718.900,8.570,18.328,3966.840,119.560,106.480
7/26/2022,97.740,107.320,31761.540,1.011,1.200,6.760,1720.100,8.830,18.535,3921.050,119.840,107.190
7/27/2022,100.030,109.640,32197.590,1.020,1.220,6.760,1714.100,8.550,18.600,4023.610,120.410,106.450
7/28/2022,99.110,109.680,32529.630,1.020,1.220,6.750,1753.500,8.120,19.918,4072.430,120.970,106.350
7/29/2022,101.310,111.510,32845.130,1.022,1.220,6.740,1753.400,8.210,20.247,4130.290,121.140,105.900
7/30/2022,100.749,110.486,33085.976,1.027,1.220,6.752,1750.161,8.495,20.320,4162.266,121.542,105.384
7/31/2022,98.001,107.567,33112.295,1.030,1.219,6.770,1757.756,8.613,20.419,4155.809,121.845,105.164
8/1/2022,96.590,106.090,32798.400,1.026,1.220,6.770,1772.400,8.260,20.412,4118.630,121.390,105.450
8/2/2022,97.140,106.510,32396.170,1.016,1.220,6.750,1779.800,7.700,20.189,4091.190,120.160,106.240
8/3/2022,93.250,101.820,32812.500,1.016,1.210,6.760,1761.300,8.260,19.947,4155.170,120.140,106.510
8/4/2022,91.290,97.990,32726.820,1.024,1.220,6.750,1783.200,8.110,20.173,4151.940,120.800,105.690
8/5/2022,91.770,100.310,32803.470,1.018,1.210,6.760,1773.300,8.050,19.892,4145.190,119.450,106.620
8/6/2022,92.729,102.483,32926.808,1.015,1.205,6.761,1765.742,7.875,20.018,4154.580,119.052,107.015
8/7/2022,93.446,103.253,32951.933,1.017,1.208,6.752,1771.383,7.632,20.454,4160.153,119.621,106.685
8/8/2022,93.520,103.460,32832.540,1.020,1.210,6.750,1784.100,7.580,20.664,4140.060,119.950,106.430
8/9/2022,93.180,103.810,32774.410,1.021,1.210,6.750,1795.300,7.830,20.531,4122.470,119.590,106.370
8/10/2022,94.680,105.060,33309.510,1.030,1.220,6.720,1795.100,8.190,20.790,4210.240,119.860,105.200
8/11/2022,97.020,107.190,33336.670,1.032,1.220,6.740,1796.700,8.860,20.394,4207.270,119.200,105.090
8/12/2022,94.860,103.700,33761.050,1.026,1.210,6.740,1792.100,8.740,20.743,4280.150,119.380,105.630
8/13/2022,93.795,101.291,33929.542,1.020,1.205,6.739,1785.230,8.445,20.861,4315.852,119.707,106.113
8/14/2022,93.740,100.290,33860.732,1.017,1.207,6.749,1779.454,8.372,20.613,4305.579,119.844,106.422
8/15/2022,92.240,98.250,33912.440,1.016,1.210,6.770,1776.600,8.710,20.317,4297.140,119.810,106.550
8/16/2022,89.230,95.360,34152.010,1.017,1.210,6.790,1774.900,9.310,20.128,4305.200,119.500,106.500
8/17/2022,90.850,97.220,33980.320,1.018,1.200,6.780,1767.200,9.230,19.776,4274.040,118.880,106.570
8/18/2022,93.200,96.350,33999.040,1.009,1.190,6.790,1765.600,9.170,19.508,4283.740,118.970,107.480
8/19/2022,93.550,96.450,33706.740,1.003,1.180,6.820,1750.800,9.320,19.114,4228.480,118.220,108.170
8/20/2022,92.630,95.162,33417.761,0.999,1.176,6.848,1735.422,9.620,18.852,4177.395,117.724,108.747
8/21/2022,92.034,93.723,33222.279,0.995,1.178,6.861,1728.077,9.828,18.794,4150.562,117.682,109.125
8/22/2022,93.420,95.060,33063.610,0.994,1.180,6.850,1733.300,9.650,18.918,4137.990,117.810,109.050
8/23/2022,96.460,99.490,32909.590,0.997,1.180,6.830,1746.600,9.160,19.064,4128.730,117.730,108.620
8/24/2022,95.520,99.870,32969.230,0.997,1.180,6.860,1745.700,9.300,18.942,4140.770,117.340,108.680
8/25/2022,93.330,98.810,33291.780,0.997,1.180,6.850,1753.600,9.340,19.147,4199.120,117.890,108.470
8/26/2022,93.630,101.130,32283.400,0.996,1.170,6.870,1751.300,9.270,18.792,4057.660,117.670,108.800
8/27/2022,96.376,102.684,31805.397,0.996,1.165,6.891,1754.244,9.327,18.623,3989.831,117.358,108.977
8/28/2022,98.742,102.537,31959.866,0.998,1.166,6.902,1758.475,9.412,18.665,4012.345,117.205,108.913
8/29/2022,97.400,101.239,32098.990,1.000,1.170,6.910,1751.300,9.340,18.602,4030.610,117.110,108.830
8/30/2022,92.080,99.340,31790.870,1.001,1.170,6.910,1730.300,9.100,18.244,3986.160,117.080,108.770
8/31/2022,90.090,96.550,31510.430,1.006,1.160,6.890,1715.900,9.190,17.849,3955.000,117.000,108.700
9/1/2022,87.090,92.240,31656.420,0.994,1.150,6.910,1694.300,9.330,17.632,3966.850,116.120,109.690
9/2/2022,87.290,93.090,31318.440,0.995,1.150,6.900,1712.500,8.850,17.852,3924.260,117.000,109.530
9/3/2022,89.119,94.635,30958.849,0.998,1.151,6.897,1724.533,8.830,18.015,3877.038,117.085,109.298
9/4/2022,90.652,95.064,30792.532,0.997,1.151,6.910,1721.153,8.980,18.015,3852.679,116.610,109.417
9/5/2022,90.519,94.220,30845.884,0.993,1.150,6.930,1711.000,8.710,17.908,3860.093,116.410,109.830
9/6/2022,87.350,91.430,31145.300,0.990,1.150,6.950,1702.600,8.210,17.868,3908.190,115.940,110.210
9/7/2022,82.500,86.830,31581.280,1.000,1.150,6.970,1702.700,7.900,18.220,3979.870,116.520,109.840
9/8/2022,84.040,87.990,31774.520,0.999,1.150,6.960,1709.400,7.970,18.402,4006.180,116.310,109.710
9/9/2022,87.270,91.680,32151.710,1.004,1.160,6.920,1713.400,8.040,18.725,4067.360,116.080,109.000
9/10/2022,88.875,94.059,32716.454,1.013,1.173,6.906,1723.955,8.190,19.279,4154.372,116.193,108.087
9/11/2022,88.962,94.597,32982.949,1.018,1.179,6.914,1733.000,8.331,19.765,4195.188,116.298,107.652
9/12/2022,88.180,93.450,32381.340,1.012,1.170,6.920,1726.400,8.290,19.816,4110.410,115.950,108.330
9/13/2022,87.840,92.040,31104.970,0.997,1.150,6.920,1704.900,8.330,19.449,3932.690,115.220,109.820
9/14/2022,88.880,92.830,31135.090,0.998,1.150,6.960,1703.900,9.170,19.525,3946.010,115.230,109.660
9/15/2022,85.720,89.280,30961.820,1.000,1.150,6.990,1689.100,8.370,19.227,3901.350,114.700,109.740
9/16/2022,85.570,89.430,30822.420,1.002,1.140,6.980,1664.700,7.810,19.341,3873.330,114.950,109.760
9/17/2022,86.340,90.218,30893.913,1.003,1.135,6.981,1656.305,7.703,19.488,3882.830,115.219,109.638
9/18/2022,86.625,90.328,31021.520,1.003,1.136,6.996,1660.266,7.766,19.483,3901.256,115.116,109.569
9/19/2022,86.150,90.037,31019.680,1.002,1.140,7.010,1664.700,7.800,19.319,3899.890,114.560,109.740
9/20/2022,84.690,89.620,30706.230,0.997,1.140,7.020,1664.200,7.770,19.146,3855.930,114.050,110.210
9/21/2022,83.380,89.860,30183.780,0.984,1.130,7.050,1671.800,7.830,19.447,3789.930,114.580,110.640
9/22/2022,84.020,90.400,30076.680,0.984,1.130,7.080,1671.900,7.190,19.587,3757.990,113.020,111.350
9/23/2022,79.070,84.290,29590.410,0.969,1.090,7.130,1643.600,6.990,18.881,3693.230,112.800,113.190
9/24/2022,76.031,80.375,29357.691,0.961,1.067,7.139,1634.951,7.062,18.521,3664.007,112.825,114.089
9/25/2022,76.017,80.305,29357.319,0.961,1.067,7.124,1642.334,7.127,18.522,3664.085,112.435,114.108
9/26/2022,77.170,82.550,29260.810,0.961,1.070,7.130,1643.400,7.010,18.453,3655.040,111.560,114.100
9/27/2022,78.910,85.970,29134.990,0.959,1.070,7.180,1634.300,6.760,18.302,3647.290,111.080,114.110
9/28/2022,82.610,89.550,29683.740,0.973,1.090,7.200,1652.200,6.960,18.841,3719.040,113.060,112.600
9/29/2022,81.780,89.410,29225.610,0.981,1.110,7.120,1654.800,7.140,18.712,3640.470,112.750,112.250
9/30/2022,79.910,88.900,28725.510,0.980,1.120,7.110,1671.800,7.070,19.039,3585.620,112.380,112.120
10/1/2022,79.824,88.512,28577.513,0.975,1.119,7.115,1665.019,6.855,19.483,3569.429,112.500,112.446
10/2/2022,81.409,88.796,28817.638,0.973,1.118,7.113,1651.172,6.694,19.953,3593.902,112.905,112.648
10/3/2022,84.050,90.680,29490.890,0.982,1.130,7.110,1668.400,6.800,20.589,3678.430,113.480,111.750
10/4/2022,86.870,93.740,30316.320,0.998,1.150,7.110,1714.900,7.170,21.099,3790.930,113.750,110.070
10/5/2022,88.220,94.350,30273.870,0.988,1.130,7.110,1700.500,7.240,20.544,3783.280,112.770,111.070
10/6/2022,88.900,95.650,29926.940,0.979,1.120,7.110,1714.200,7.240,20.660,3744.520,112.230,112.260
10/7/2022,93.070,98.880,29296.790,0.974,1.110,7.110,1696.200,7.050,20.255,3639.660,111.750,112.790
10/8/2022,94.747,100.006,28995.399,0.971,1.109,7.120,1684.167,6.830,19.849,3592.154,111.430,113.037
10/9/2022,93.602,98.981,29034.452,0.970,1.113,7.135,1682.690,6.711,19.656,3599.985,111.300,113.136
10/10/2022,91.600,97.130,29202.880,0.970,1.110,7.150,1676.600,6.780,19.615,3612.390,111.280,113.140
10/11/2022,89.750,95.170,29239.190,0.970,1.100,7.160,1664.700,6.930,19.487,3588.840,111.410,113.220
10/12/2022,87.830,93.440,29210.850,0.970,1.110,7.170,1670.700,6.770,18.938,3577.030,111.750,113.320
10/13/2022,89.590,95.160,30038.720,0.977,1.130,7.170,1648.100,7.050,18.918,3669.910,111.330,112.360
10/14/2022,86.100,92.220,29634.830,0.972,1.120,7.190,1649.300,6.830,18.071,3583.070,111.020,113.310
10/15/2022,85.172,90.881,29422.398,0.971,1.121,7.199,1658.822,6.634,17.877,3548.550,110.851,113.519
10/16/2022,86.469,91.372,29708.166,0.977,1.134,7.195,1665.104,6.568,18.317,3601.053,110.834,112.783
10/17/2022,86.000,91.040,30185.820,0.984,1.140,7.190,1664.800,6.480,18.719,3677.950,111.080,112.040
10/18/2022,83.290,89.460,30523.800,0.985,1.130,7.200,1653.000,6.240,18.600,3719.980,111.300,112.130
10/19/2022,86.000,91.340,30423.810,0.977,1.120,7.230,1631.700,5.930,18.359,3695.160,110.380,112.980
10/20/2022,86.020,91.520,30333.590,0.978,1.120,7.210,1635.300,5.840,18.689,3665.780,109.700,112.880
10/21/2022,85.470,91.820,31082.560,0.986,1.130,7.240,1643.300,5.470,19.066,3752.750,110.110,112.010
10/22/2022,85.479,91.945,31450.787,0.988,1.130,7.252,1645.468,5.278,19.189,3789.066,110.118,111.826
10/23/2022,85.786,91.772,31432.891,0.987,1.125,7.246,1645.577,5.389,19.170,3779.767,109.855,112.073
10/24/2022,86.120,91.570,31499.620,0.987,1.130,7.260,1649.200,5.750,19.189,3797.340,110.030,111.990
10/25/2022,86.930,91.760,31836.740,0.996,1.150,7.270,1659.300,6.170,19.349,3859.110,110.880,110.950
10/26/2022,89.390,92.930,31839.110,1.008,1.160,7.170,1666.800,6.120,19.486,3830.600,111.410,109.700
10/27/2022,89.060,94.170,32033.280,0.996,1.160,7.220,1659.800,5.880,19.494,3807.300,111.980,110.590
10/28/2022,87.850,94.640,32861.800,0.996,1.160,7.250,1648.100,5.950,19.209,3901.060,111.300,110.750
10/29/2022,86.743,93.971,33156.729,0.996,1.157,7.277,1640.522,6.377,18.937,3934.070,110.835,110.872
10/30/2022,86.148,93.102,32957.196,0.992,1.153,7.303,1637.804,6.761,18.882,3903.227,110.810,111.209
10/31/2022,86.540,93.300,32732.950,0.988,1.150,7.300,1639.000,6.610,19.184,3871.980,110.880,111.530
11/1/2022,88.360,95.120,32653.200,0.987,1.150,7.270,1645.300,6.080,19.728,3856.100,110.880,111.480
11/2/2022,90.060,96.070,32147.760,0.982,1.140,7.290,1649.600,6.590,19.654,3759.690,110.920,111.350
11/3/2022,88.140,95.290,32001.250,0.975,1.120,7.300,1628.800,6.330,19.485,3719.890,110.330,112.930
11/4/2022,92.580,99.530,32403.220,0.996,1.140,7.180,1674.400,6.750,20.820,3770.550,110.340,110.880
11/5/2022,95.176,102.136,32547.706,1.005,1.153,7.136,1700.697,7.289,21.234,3790.125,110.089,109.789
11/6/2022,94.333,101.830,32550.615,1.003,1.152,7.175,1694.958,7.512,20.919,3785.733,109.740,110.060
11/7/2022,91.800,99.870,32827.000,1.002,1.150,7.230,1679.000,7.240,20.981,3806.800,109.920,110.120
11/8/2022,88.800,96.850,33160.830,1.007,1.150,7.250,1678.700,6.520,21.567,3828.110,110.550,109.640
11/9/2022,85.790,93.050,32513.940,1.001,1.140,7.240,1715.300,6.230,21.381,3748.570,110.590,110.550
11/10/2022,86.520,94.250,33715.370,1.021,1.170,7.180,1744.800,6.610,21.772,3956.370,112.780,108.210
11/11/2022,89.140,96.370,33747.860,1.035,1.180,7.110,1759.400,6.260,21.741,3992.930,112.580,106.290
11/12/2022,88.907,95.986,33519.597,1.038,1.178,7.083,1765.925,6.053,21.962,3960.416,112.119,105.909
11/13/2022,86.902,94.324,33479.128,1.035,1.176,7.082,1768.125,6.143,22.289,3942.148,112.149,106.320
11/14/2022,85.850,93.590,33536.700,1.033,1.180,7.070,1768.900,6.300,22.178,3957.250,112.410,106.660
11/15/2022,86.870,94.300,33592.920,1.035,1.190,7.040,1771.400,6.400,21.593,3991.730,112.840,106.400
11/16/2022,85.620,92.610,33553.830,1.039,1.190,7.080,1773.000,6.610,21.604,3958.790,113.480,106.280
11/17/2022,81.690,91.000,33546.320,1.036,1.190,7.160,1758.600,6.740,21.054,3946.560,112.910,106.690
11/18/2022,80.070,88.930,33745.690,1.032,1.190,7.120,1751.600,6.720,21.077,3965.340,112.560,106.930
11/19/2022,79.209,87.747,33720.606,1.028,1.186,7.113,1745.843,6.827,21.095,3956.794,112.431,107.331
11/20/2022,78.876,87.683,33598.593,1.024,1.181,7.145,1740.807,7.035,20.991,3938.295,112.425,107.750
11/21/2022,79.740,88.440,33700.280,1.024,1.180,7.160,1740.400,7.220,20.952,3949.940,112.580,107.830
11/22/2022,80.830,88.650,34098.100,1.030,1.190,7.140,1743.000,7.410,21.130,4003.580,112.910,107.220
11/23/2022,77.930,85.900,34194.060,1.040,1.210,7.160,1740.200,7.710,21.436,4027.260,113.250,106.080
11/24/2022,76.371,85.590,34277.816,1.041,1.210,7.150,1755.400,7.180,21.508,4030.786,113.300,105.820
11/25/2022,76.450,83.400,34347.030,1.040,1.210,7.160,1751.900,7.330,21.509,4026.120,113.310,105.960
11/26/2022,76.692,82.638,34280.639,1.038,1.208,7.190,1744.333,7.446,21.266,4016.573,113.388,106.151
11/27/2022,76.877,83.249,34097.032,1.036,1.204,7.215,1741.728,7.345,20.984,3997.894,113.419,106.382
11/28/2022,77.100,83.500,33849.460,1.034,1.200,7.210,1746.600,7.200,21.002,3963.940,113.250,106.680
11/29/2022,77.960,83.220,33852.530,1.033,1.200,7.160,1752.700,7.080,21.392,3957.630,112.980,106.820
11/30/2022,80.480,85.610,34589.770,1.041,1.210,7.090,1753.500,6.820,21.727,4080.110,113.500,105.950
12/1/2022,81.060,86.280,34395.010,1.052,1.230,7.040,1803.200,6.630,22.786,4076.570,114.610,104.730
12/2/2022,79.860,86.540,34429.880,1.054,1.230,7.020,1784.800,6.170,23.171,4071.700,114.660,104.540
12/3/2022,79.008,86.478,34441.421,1.053,1.228,6.989,1769.701,5.824,23.036,4067.033,114.276,104.682
12/4/2022,78.292,85.568,34269.748,1.051,1.227,6.959,1772.817,5.633,22.691,4044.504,113.928,104.919
12/5/2022,76.830,83.360,33947.100,1.049,1.220,6.960,1776.800,5.480,22.324,3998.840,113.860,105.290
12/6/2022,74.210,79.920,33596.340,1.047,1.210,6.990,1773.800,5.380,22.256,3941.260,114.360,105.580
12/7/2022,71.930,77.110,33597.920,1.051,1.220,6.970,1782.200,5.620,22.837,3933.920,115.160,105.100
12/8/2022,71.300,76.020,33781.480,1.056,1.220,6.960,1790.200,5.820,23.157,3963.510,114.450,104.770
12/9/2022,71.050,76.370,33476.460,1.053,1.230,6.960,1796.200,6.080,23.628,3934.380,114.090,104.810
12/10/2022,70.987,76.724,33448.670,1.049,1.233,6.977,1785.061,6.151,23.596,3926.440,113.701,105.217
12/11/2022,71.488,77.108,33720.380,1.049,1.229,6.993,1773.142,6.170,23.296,3951.774,113.436,105.523
12/12/2022,72.960,78.000,34005.040,1.054,1.230,6.980,1786.600,6.420,23.314,3990.560,113.830,105.130
12/13/2022,75.440,80.140,34108.640,1.063,1.240,6.940,1823.600,6.730,23.909,4019.650,114.780,103.980
12/14/2022,77.140,83.330,33966.350,1.068,1.240,6.950,1808.100,6.220,24.049,3995.320,114.720,103.770
12/15/2022,75.890,82.340,33202.220,1.063,1.220,6.970,1783.600,6.590,23.229,3895.750,114.920,104.560
12/16/2022,74.190,80.200,32920.460,1.058,1.210,6.970,1792.600,6.300,23.246,3852.360,114.810,104.700
12/17/2022,73.813,80.539,32854.869,1.057,1.205,6.978,1792.675,6.077,23.038,3838.180,114.698,104.886
12/18/2022,74.374,81.913,32814.584,1.058,1.203,6.987,1785.703,5.995,22.756,3829.500,114.554,105.048
12/19/2022,75.050,81.660,32757.540,1.061,1.210,6.980,1790.800,5.710,23.117,3817.660,114.140,104.720
12/20/2022,75.920,79.450,32849.740,1.062,1.220,6.960,1813.900,5.220,24.183,3821.620,113.530,103.960
12/21/2022,78.170,80.250,33376.480,1.060,1.210,6.980,1817.600,5.240,24.121,3878.440,113.560,104.160
12/22/2022,77.680,79.580,33027.490,1.059,1.200,6.980,1800.700,4.930,23.561,3822.390,113.550,104.430
12/23/2022,79.570,82.450,33203.930,1.061,1.210,6.990,1800.700,4.980,23.840,3844.820,113.080,104.310
12/24/2022,80.894,84.749,33503.609,1.063,1.218,6.988,1802.648,5.074,24.023,3881.969,112.986,104.313
12/25/2022,80.900,85.310,33647.314,1.063,1.217,6.974,1801.866,5.107,24.003,3895.379,113.190,104.320
12/26/2022,80.211,84.646,33578.735,1.064,1.210,6.960,1800.700,5.140,24.055,3879.617,113.140,104.144
12/27/2022,79.450,83.271,33241.560,1.064,1.200,6.960,1800.700,5.120,24.142,3829.250,112.330,104.180
12/28/2022,78.890,81.700,32875.710,1.061,1.200,6.980,1803.400,4.690,23.756,3783.220,112.190,104.460
12/29/2022,78.430,80.960,33220.800,1.066,1.210,6.960,1813.800,4.120,24.250,3849.280,112.440,103.840
12/30/2022,80.160,82.820,33147.250,1.070,1.210,6.900,1813.800,4.100,24.040,3839.500,112.300,103.520
12/31/2022,81.675,84.870,32969.953,1.074,1.207,6.872,1806.335,4.306,24.040,3807.732,112.124,103.331
1/1/2023,81.881,85.698,32889.926,1.074,1.204,6.879,1802.545,4.405,24.040,3789.627,112.200,103.490
1/2/2023,80.405,84.473,32935.842,1.066,1.200,6.900,1813.800,4.140,24.040,3792.619,112.500,104.189
1/3/2023,76.870,80.360,33136.370,1.055,1.200,6.910,1843.300,3.640,24.040,3824.140,112.640,104.520
1/4/2023,72.820,75.310,33269.770,1.060,1.210,6.890,1857.300,3.780,24.040,3852.970,113.190,104.250
1/5/2023,73.610,76.730,32930.080,1.052,1.190,6.880,1834.000,3.430,24.040,3808.100,113.020,105.040
1/6/2023,73.770,76.410,33630.610,1.064,1.210,6.840,1852.200,3.390,24.040,3895.080,114.220,103.880
1/7/2023,73.954,76.213,33918.185,1.073,1.224,6.800,1870.433,3.539,24.040,3934.998,115.083,102.960
1/8/2023,74.428,76.809,33704.541,1.074,1.223,6.775,1877.061,3.644,24.040,3913.192,115.145,102.799
1/9/2023,74.690,77.500,33517.650,1.073,1.220,6.770,1878.900,3.560,24.040,3892.090,114.620,103.000
1/10/2023,75.110,78.400,33704.100,1.073,1.220,6.780,1878.700,3.310,24.040,3919.250,114.000,103.240
1/11/2023,77.460,81.110,33973.010,1.076,1.210,6.770,1872.400,3.350,24.040,3969.610,114.440,103.190
1/12/2023,78.320,82.590,34189.970,1.085,1.220,6.740,1882.600,3.360,24.040,3983.170,115.230,102.250
1/13/2023,79.900,83.430,34302.610,1.083,1.220,6.700,1907.200,3.200,24.040,3999.090,114.770,102.200
1/14/2023,81.061,82.965,34402.117,1.081,1.216,6.682,1920.923,3.316,24.040,4018.885,114.578,102.278
1/15/2023,81.397,82.171,34436.841,1.082,1.214,6.692,1922.232,3.600,24.040,4031.019,114.730,102.254
1/16/2023,81.071,82.650,34306.509,1.082,1.220,6.730,1917.000,3.680,24.040,4025.160,114.700,102.270
1/17/2023,80.250,84.380,33910.850,1.079,1.230,6.770,1913.800,3.250,24.040,3990.970,114.670,102.390
1/18/2023,79.530,83.780,33296.960,1.079,1.230,6.750,1920.700,3.110,24.040,3928.860,115.910,102.360
1/19/2023,80.310,85.080,33044.560,1.083,1.240,6.770,1918.600,3.120,24.040,3898.850,115.640,102.060
1/20/2023,81.270,86.960,33375.490,1.086,1.240,6.780,1924.900,3.040,24.040,3972.610,115.060,102.010
1/21/2023,82.128,88.341,33578.070,1.087,1.242,6.781,1924.389,3.088,24.040,4020.667,114.690,102.094
1/22/2023,82.448,88.711,33601.476,1.087,1.245,6.781,1918.170,3.203,24.040,4026.872,114.554,102.168
1/23/2023,81.620,87.540,33629.560,1.087,1.240,6.780,1914.900,3.220,24.040,4019.810,114.690,102.140
1/24/2023,79.860,85.250,33733.960,1.089,1.230,6.780,1920.800,3.060,24.040,4016.950,115.030,101.920
1/25/2023,79.780,85.080,33743.840,1.092,1.240,6.780,1930.800,2.920,24.040,4016.220,115.140,101.640
1/26/2023,80.640,86.290,33949.410,1.089,1.240,6.780,1932.500,2.850,24.040,4060.430,114.860,101.840
1/27/2023,79.730,85.360,33978.080,1.087,1.240,6.780,1923.100,2.850,24.040,4070.560,114.610,101.930
1/28/2023,78.284,84.959,33794.048,1.086,1.244,6.771,1919.345,2.804,24.040,4040.784,114.437,102.019
1/29/2023,77.430,85.168,33622.064,1.086,1.246,6.758,1921.472,2.740,24.040,4009.189,114.326,102.152
1/30/2023,77.970,84.900,33717.090,1.084,1.240,6.750,1924.100,2.730,24.040,4017.770,114.280,102.280
1/31/2023,78.950,83.420,34086.040,1.086,1.230,6.750,1923.900,2.740,24.040,4076.600,114.520,102.100
2/1/2023,76.340,81.610,34092.960,1.099,1.240,6.740,1925.900,2.540,24.040,4119.210,115.480,101.220
2/2/2023,75.870,80.570,34053.940,1.091,1.220,6.730,1921.700,2.520,24.040,4179.760,115.550,101.750
2/3/2023,73.400,78.850,33926.010,1.079,1.210,6.770,1875.400,2.480,24.040,4136.480,114.420,102.920
2/4/2023,71.770,78.095,33781.347,1.074,1.206,6.795,1855.452,2.431,24.040,4087.096,113.765,103.605
2/5/2023,72.054,78.706,33734.624,1.073,1.203,6.796,1863.020,2.436,24.040,4075.334,113.626,103.767
2/6/2023,74.110,80.480,33891.020,1.073,1.200,6.790,1873.300,2.540,24.040,4111.080,113.500,103.620
2/7/2023,77.170,82.920,34156.690,1.072,1.200,6.790,1870.700,2.660,24.040,4164.000,113.230,103.430
2/8/2023,78.470,84.170,33949.010,1.071,1.210,6.790,1872.700,2.480,24.040,4117.860,113.410,103.410
2/9/2023,78.040,83.460,33699.880,1.074,1.210,6.780,1879.100,2.490,24.040,4081.500,113.030,103.220
2/10/2023,79.740,85.460,33869.270,1.068,1.210,6.810,1859.700,2.610,24.040,4090.460,112.690,103.630
2/11/2023,80.917,86.810,34126.452,1.065,1.206,6.826,1845.139,2.579,24.040,4112.491,112.721,103.837
2/12/2023,80.915,86.771,34284.367,1.068,1.203,6.824,1844.458,2.483,24.040,4131.353,112.868,103.690
2/13/2023,80.140,85.980,34245.930,1.072,1.210,6.820,1856.100,2.500,24.040,4137.290,112.780,103.350
2/14/2023,79.080,84.960,34089.270,1.074,1.220,6.830,1863.700,2.650,24.040,4136.130,112.330,103.230
2/15/2023,78.570,84.110,34128.050,1.069,1.200,6.850,1831.200,2.560,24.040,4147.600,112.050,103.920
2/16/2023,78.450,83.840,33696.850,1.067,1.200,6.860,1829.000,2.490,24.040,4090.410,111.890,103.860
2/17/2023,76.310,81.970,33826.690,1.069,1.200,6.870,1834.000,2.350,24.040,4079.090,112.000,103.860
2/18/2023,75.719,81.330,33877.710,1.071,1.196,6.864,1841.180,2.285,24.040,4070.485,111.999,103.836
2/19/2023,76.563,81.970,33692.240,1.070,1.194,6.851,1847.270,2.310,24.040,4049.028,111.940,103.787
2/20/2023,77.273,82.790,33399.720,1.068,1.200,6.850,1845.800,2.320,24.040,4022.164,111.770,103.860
2/21/2023,76.280,82.140,33129.590,1.065,1.210,6.870,1836.900,2.180,24.040,3997.340,111.060,104.180
2/22/2023,73.950,79.550,33045.090,1.060,1.200,6.890,1835.800,2.300,24.040,3991.050,111.200,104.580
2/23/2023,75.260,82.080,33153.910,1.060,1.200,6.910,1826.100,2.430,24.040,4012.320,111.440,104.600
2/24/2023,76.190,82.310,32816.920,1.055,1.190,6.950,1811.000,2.550,24.040,3970.040,110.920,105.210
2/25/2023,75.903,81.238,32731.241,1.056,1.194,6.961,1807.425,2.684,24.040,3953.779,110.726,105.241
2/26/2023,75.358,80.560,32866.319,1.060,1.206,6.948,1812.754,2.798,24.040,3968.639,110.915,104.835
2/27/2023,75.570,81.240,32889.090,1.061,1.210,6.940,1818.700,2.850,24.040,3982.240,111.140,104.670
2/28/2023,76.880,83.210,32656.700,1.058,1.200,6.930,1824.600,2.860,24.040,3970.150,111.170,104.870
3/1/2023,77.570,83.680,32661.840,1.067,1.200,6.870,1841.300,2.940,24.040,3951.390,111.000,104.480
3/2/2023,78.050,84.150,33003.570,1.060,1.190,6.910,1836.200,2.900,24.040,3981.350,110.500,105.030
3/3/2023,79.620,85.740,33390.970,1.063,1.200,6.900,1841.200,3.140,24.040,4045.640,111.090,104.520
3/4/2023,81.230,87.135,33693.130,1.071,1.211,6.888,1851.846,3.098,24.040,4088.940,111.376,103.838
3/5/2023,81.794,87.404,33762.623,1.074,1.212,6.900,1857.300,2.851,24.040,4092.403,111.203,103.669
3/6/2023,80.390,85.860,33431.440,1.068,1.200,6.930,1849.100,2.730,24.040,4048.420,110.980,104.350
3/7/2023,77.450,83.030,32856.460,1.055,1.180,6.960,1826.600,2.840,24.040,3986.370,110.950,105.610
3/8/2023,76.560,82.100,32798.400,1.054,1.180,6.950,1816.300,2.710,24.040,3992.010,110.920,105.660
3/9/2023,75.600,81.000,32254.860,1.058,1.190,6.960,1831.400,2.680,24.040,3918.320,111.480,105.310
3/10/2023,76.550,82.300,31909.640,1.064,1.200,6.900,1861.300,2.560,24.040,3861.590,113.140,104.580
3/11/2023,77.180,82.852,31679.670,1.068,1.208,6.855,1889.218,2.552,24.040,3823.861,114.570,104.085
3/12/2023,76.598,81.856,31596.371,1.070,1.215,6.844,1907.563,2.646,24.040,3814.082,115.170,103.834
3/13/2023,74.680,79.670,31819.140,1.073,1.220,6.850,1911.300,2.730,24.040,3855.760,114.660,103.600
3/14/2023,71.180,76.770,32155.400,1.073,1.220,6.870,1907.600,2.690,24.040,3919.290,113.860,103.600
3/15/2023,67.380,74.300,31874.570,1.058,1.210,6.910,1923.400,2.550,24.040,3891.930,115.120,104.650
3/16/2023,68.150,73.120,32246.550,1.061,1.210,6.900,1922.800,2.630,24.040,3960.280,114.190,104.420
3/17/2023,66.610,71.030,31861.980,1.067,1.220,6.890,1962.100,2.450,24.040,3916.640,115.810,103.710
3/18/2023,65.632,70.079,31623.020,1.069,1.230,6.886,1986.045,2.268,24.040,3879.424,116.789,103.272
3/19/2023,66.131,70.674,31795.093,1.070,1.235,6.884,1984.465,2.218,24.040,3893.543,116.338,103.150
3/20/2023,67.560,72.420,32244.580,1.072,1.230,6.880,1969.400,2.330,24.040,3951.570,115.090,103.280
3/21/2023,69.400,74.780,32560.600,1.077,1.220,6.880,1952.500,2.490,24.040,4002.870,114.120,103.260
3/22/2023,70.710,76.080,32030.110,1.086,1.230,6.880,1949.400,2.310,24.040,3936.970,115.090,102.350
3/23/2023,69.770,74.310,32105.250,1.083,1.230,6.820,1978.000,2.280,24.040,3948.720,115.980,102.530
3/24/2023,69.220,73.630,32237.530,1.076,1.220,6.870,1993.800,2.360,24.040,3970.990,116.110,103.120
3/25/2023,70.063,74.079,32356.335,1.073,1.219,6.907,1979.621,2.370,24.040,3984.422,115.858,103.397
3/26/2023,71.597,75.195,32448.523,1.075,1.224,6.902,1955.037,2.309,24.040,3988.472,115.436,103.295
3/27/2023,72.870,76.800,32432.080,1.080,1.230,6.880,1946.300,2.220,24.040,3977.530,114.980,102.860
3/28/2023,73.120,78.070,32394.250,1.084,1.230,6.870,1962.900,2.150,24.040,3971.270,114.640,102.430
3/29/2023,72.950,77.510,32717.600,1.084,1.230,6.890,1965.000,2.180,24.040,4027.810,114.530,102.640
3/30/2023,74.320,78.450,32859.030,1.090,1.240,6.870,1965.800,2.360,24.040,4050.830,114.580,102.140
3/31/2023,75.680,79.190,33274.150,1.084,1.230,6.870,1979.700,2.470,24.040,4109.310,114.920,102.510
4/1/2023,77.385,81.308,33603.940,1.080,1.225,6.876,1981.809,2.461,24.040,4144.081,115.024,102.775
4/2/2023,79.171,84.080,33711.238,1.083,1.230,6.879,1977.626,2.391,24.040,4144.117,115.064,102.605
4/3/2023,80.400,85.810,33601.150,1.090,1.240,6.880,1983.300,2.330,24.040,4124.510,115.450,102.090
4/4/2023,80.700,85.700,33402.380,1.095,1.250,6.880,2009.600,2.340,24.040,4100.600,116.250,101.590
4/5/2023,80.690,85.890,33482.720,1.090,1.250,6.880,2030.900,2.380,24.040,4090.380,116.580,101.850
4/6/2023,80.700,86.560,33485.290,1.092,1.240,6.880,2001.900,2.240,24.040,4105.020,116.550,101.820
4/7/2023,80.242,86.711,33451.514,1.090,1.240,6.870,2001.900,2.174,24.040,4112.989,115.800,102.090
4/8/2023,79.589,86.439,33442.195,1.086,1.242,6.864,2005.115,2.215,24.040,4111.284,115.457,102.428
4/9/2023,79.263,86.168,33479.731,1.085,1.242,6.868,2003.064,2.298,24.040,4107.470,115.510,102.625
4/10/2023,79.790,86.320,33586.520,1.086,1.240,6.880,2001.900,2.360,24.040,4109.110,115.520,102.580
4/11/2023,81.540,87.320,33684.790,1.091,1.240,6.890,2002.700,2.350,24.040,4108.940,115.380,102.200
4/12/2023,83.260,88.310,33646.500,1.099,1.250,6.870,2008.200,2.270,24.040,4091.950,115.700,101.500
4/13/2023,82.160,86.510,34029.690,1.104,1.250,6.870,2048.500,2.200,24.040,4146.220,115.450,101.010
4/14/2023,82.580,87.310,33886.470,1.100,1.240,6.870,2019.400,2.310,24.040,4137.640,114.860,101.550
4/15/2023,82.407,87.490,33803.594,1.094,1.236,6.873,1992.952,2.372,24.040,4130.263,114.434,102.097
4/16/2023,81.518,86.579,33890.774,1.091,1.238,6.879,1988.432,2.385,24.040,4140.117,114.268,102.295
4/17/2023,80.930,85.630,33987.180,1.093,1.240,6.880,1995.600,2.440,24.040,4151.320,114.360,102.100
4/18/2023,80.850,85.480,33976.630,1.097,1.240,6.880,1999.400,2.520,24.040,4154.870,114.480,101.750
4/19/2023,79.180,85.340,33897.010,1.095,1.240,6.890,1990.600,2.400,24.040,4154.520,114.190,101.970
4/20/2023,77.270,83.290,33786.620,1.097,1.240,6.870,2007.200,2.430,24.040,4129.790,114.660,101.840
4/21/2023,77.860,83.360,33808.960,1.099,1.240,6.890,1973.700,2.410,24.040,4133.520,114.470,101.820
4/22/2023,78.747,84.215,33915.082,1.103,1.246,6.897,1956.837,2.405,24.040,4153.976,114.194,101.539
4/23/2023,79.059,84.704,33979.811,1.107,1.253,6.891,1964.973,2.433,24.040,4163.660,114.265,101.222
4/24/2023,78.640,84.230,33875.400,1.104,1.250,6.900,1978.200,2.470,24.040,4137.040,114.880,101.350
4/25/2023,77.050,82.130,33530.830,1.097,1.240,6.930,1987.400,2.440,24.040,4071.630,115.800,101.860
4/26/2023,74.330,79.190,33301.870,1.104,1.250,6.930,2003.000,2.310,24.040,4055.990,115.550,101.470
4/27/2023,74.770,80.110,33826.160,1.103,1.250,6.920,1985.700,2.550,24.040,4135.350,114.730,101.500
4/28/2023,76.780,81.320,34098.160,1.102,1.260,6.910,1982.600,2.580,24.040,4169.480,115.200,101.660
4/29/2023,78.061,81.841,34224.588,1.101,1.263,6.907,1980.912,2.556,24.040,4186.364,115.019,101.856
4/30/2023,77.836,81.478,34241.039,1.099,1.257,6.908,1978.564,2.542,24.040,4191.222,114.419,102.048
5/1/2023,75.650,79.883,34051.700,1.098,1.250,6.910,1982.600,2.500,24.040,4167.870,114.500,102.150
5/2/2023,71.710,76.710,33684.530,1.100,1.250,6.910,1995.400,2.420,24.040,4119.580,115.560,101.960
5/3/2023,68.620,72.910,33414.240,1.106,1.260,6.910,2014.300,2.360,24.040,4090.750,115.910,101.340
5/4/2023,68.520,73.000,33127.740,1.101,1.260,6.910,2044.700,2.300,24.040,4061.220,116.560,101.400
5/5/2023,71.320,75.850,33674.380,1.102,1.260,6.910,2001.000,2.320,24.040,4136.250,115.720,101.210
5/6/2023,72.824,77.905,33946.093,1.104,1.260,6.908,1971.668,2.349,24.040,4179.456,115.155,101.071
5/7/2023,72.986,78.664,33824.719,1.104,1.260,6.906,1976.126,2.374,24.040,4169.994,115.128,101.135
5/8/2023,73.130,78.493,33618.690,1.100,1.260,6.910,2001.000,2.410,24.040,4138.120,115.170,101.380
5/9/2023,73.680,77.760,33561.810,1.096,1.260,6.920,2030.200,2.430,24.040,4119.170,115.190,101.610
5/10/2023,72.530,76.700,33531.330,1.098,1.260,6.930,2037.200,2.340,24.040,4137.640,115.910,101.480
5/11/2023,70.810,75.320,33309.510,1.091,1.250,6.950,2016.000,2.350,24.040,4130.620,116.050,102.060
5/12/2023,70.020,74.540,33300.620,1.085,1.250,6.960,2019.900,2.440,24.040,4124.080,115.440,102.680
5/13/2023,70.346,74.827,33451.466,1.084,1.251,6.952,2025.383,2.502,24.040,4135.877,115.184,102.782
5/14/2023,71.013,75.462,33541.132,1.086,1.251,6.942,2024.474,2.528,24.040,4148.171,115.248,102.577
5/15/2023,71.070,75.460,33348.600,1.087,1.250,6.950,2019.900,2.540,24.040,4136.280,115.230,102.430
5/16/2023,70.850,75.150,33012.140,1.086,1.250,6.980,2007.500,2.530,24.040,4109.900,114.920,102.560
5/17/2023,72.780,76.980,33420.770,1.084,1.250,7.000,1974.400,2.510,24.040,4158.770,114.580,102.880
5/18/2023,71.820,75.750,33535.910,1.077,1.240,7.040,1960.300,2.720,24.040,4198.050,113.920,103.580
5/19/2023,71.570,75.420,33426.630,1.080,1.240,7.010,1961.600,2.710,24.040,4191.980,113.560,103.200
5/20/2023,71.584,75.486,33384.935,1.084,1.241,6.995,1966.116,2.657,24.040,4196.419,113.412,102.901
5/21/2023,71.578,75.547,33374.362,1.084,1.241,7.011,1969.804,2.616,24.040,4205.605,113.388,102.962
5/22/2023,71.810,75.770,33286.580,1.081,1.240,7.040,1970.300,2.550,24.040,4192.630,113.470,103.200
5/23/2023,72.870,76.660,33055.510,1.077,1.240,7.060,1969.200,2.490,24.040,4145.580,113.610,103.490
5/24/2023,74.370,77.990,32799.920,1.075,1.240,7.060,1969.700,2.570,24.040,4115.240,113.420,103.890
5/25/2023,71.680,75.660,32764.650,1.072,1.230,7.080,1948.300,2.480,24.040,4151.280,112.620,104.250
5/26/2023,72.350,76.330,33093.340,1.072,1.230,7.060,1947.900,2.420,24.040,4205.450,113.190,104.210
5/27/2023,73.115,77.052,33304.826,1.071,1.234,7.051,1949.679,2.450,24.040,4238.713,112.927,104.226
5/28/2023,72.697,76.654,33319.716,1.069,1.237,7.060,1948.303,2.440,24.040,4247.498,112.300,104.303
5/29/2023,71.381,75.357,33208.779,1.071,1.240,7.070,1947.900,2.350,24.040,4235.276,112.670,104.260
5/30/2023,69.450,73.380,33042.780,1.073,1.240,7.080,1952.500,2.420,24.040,4205.520,114.030,104.170
5/31/2023,68.110,71.980,32908.270,1.069,1.240,7.110,1964.400,2.360,24.040,4179.830,114.470,104.330
6/1/2023,70.090,74.180,33061.570,1.076,1.250,7.090,1974.400,2.270,24.040,4221.020,114.730,103.560
6/2/2023,71.760,76.000,33762.760,1.071,1.240,7.080,1963.300,2.300,24.040,4282.370,113.840,104.010
6/3/2023,72.537,76.853,33996.112,1.068,1.234,7.080,1957.841,2.342,24.040,4297.342,113.410,104.283
6/4/2023,72.637,77.016,33794.564,1.070,1.236,7.087,1959.536,2.363,24.040,4282.028,113.587,104.145
6/5/2023,72.140,76.610,33562.860,1.071,1.240,7.100,1959.700,2.370,24.040,4273.790,113.890,104.000
6/6/2023,71.710,76.220,33573.280,1.069,1.240,7.120,1957.300,2.380,24.040,4283.850,113.780,104.130
6/7/2023,72.520,76.850,33665.020,1.070,1.240,7.130,1967.400,2.430,24.040,4267.520,113.220,104.100
6/8/2023,71.280,75.880,33833.610,1.078,1.260,7.110,1966.400,2.430,24.040,4293.930,113.730,103.340
6/9/2023,70.160,74.740,33876.780,1.075,1.260,7.130,1960.300,2.330,24.040,4298.860,113.390,103.560
6/10/2023,68.222,72.783,33868.906,1.072,1.253,7.136,1955.730,2.268,24.040,4299.970,113.338,103.842
6/11/2023,66.541,71.171,33906.347,1.073,1.248,7.131,1953.335,2.275,24.040,4311.795,113.542,103.854
6/12/2023,67.080,71.800,34066.330,1.076,1.250,7.140,1952.900,2.340,24.040,4338.930,113.360,103.650
6/13/2023,69.390,74.240,34212.120,1.079,1.260,7.170,1954.400,2.410,24.040,4369.010,112.670,103.340
6/14/2023,68.220,73.390,33979.330,1.083,1.270,7.160,1955.800,2.410,24.040,4372.590,112.880,102.950
6/15/2023,70.610,75.750,34408.060,1.095,1.280,7.120,1952.400,2.610,24.040,4425.840,113.450,102.110
6/16/2023,71.810,76.760,34299.120,1.093,1.280,7.130,1959.800,2.720,24.040,4409.590,113.050,102.240
6/17/2023,71.287,76.904,34141.214,1.092,1.279,7.142,1966.358,2.657,24.040,4395.152,113.110,102.425
6/18/2023,70.250,76.712,34105.129,1.093,1.280,7.148,1964.759,2.600,24.040,4398.278,113.160,102.457
6/19/2023,69.776,76.090,34104.727,1.092,1.280,7.160,1951.200,2.640,24.040,4401.841,112.750,102.520
6/20/2023,70.940,75.790,34053.870,1.092,1.280,7.180,1930.500,2.570,24.040,4388.710,113.310,102.540
6/21/2023,72.550,76.920,33951.520,1.098,1.280,7.180,1925.700,2.680,24.040,4365.690,113.310,102.070
6/22/2023,69.220,73.930,33946.710,1.096,1.270,7.180,1920.100,2.700,24.040,4381.890,112.730,102.390
6/23/2023,68.910,73.560,33727.430,1.089,1.270,7.180,1930.700,2.840,24.040,4348.330,113.080,102.900
6/24/2023,69.765,74.524,33558.946,1.085,1.271,7.204,1934.363,2.936,24.040,4311.921,113.500,103.085
6/25/2023,70.061,74.997,33549.599,1.086,1.270,7.234,1929.230,2.944,24.040,4301.584,113.582,102.974
6/26/2023,69.090,73.860,33714.710,1.090,1.270,7.240,1922.900,2.890,24.040,4328.820,113.230,102.690
6/27/2023,67.680,71.880,33926.740,1.096,1.270,7.220,1918.900,2.790,24.040,4378.410,112.830,102.490
6/28/2023,69.540,73.640,33852.660,1.091,1.260,7.240,1908.400,2.670,24.040,4376.860,113.250,102.900
6/29/2023,69.850,73.860,34122.420,1.086,1.260,7.250,1899.600,2.690,24.040,4396.440,112.120,103.340
6/30/2023,70.660,74.510,34407.600,1.091,1.270,7.250,1912.300,2.770,24.040,4450.380,112.270,102.910
7/1/2023,70.538,74.438,34496.048,1.094,1.274,7.257,1923.802,2.760,24.040,4472.518,112.318,102.700
7/2/2023,69.811,74.035,34460.599,1.094,1.273,7.260,1928.562,2.704,24.040,4465.837,112.040,102.816
7/3/2023,69.710,74.520,34418.470,1.091,1.270,7.240,1928.800,2.700,24.040,4455.590,111.940,102.960
7/4/2023,70.899,76.230,34425.079,1.088,1.270,7.210,1927.800,2.750,24.040,4457.206,112.080,103.040
7/5/2023,71.780,76.740,34288.640,1.085,1.270,7.250,1924.700,2.640,24.040,4446.820,111.360,103.370
7/6/2023,71.760,76.720,33922.260,1.089,1.270,7.250,1908.800,2.600,24.040,4411.590,110.610,103.070
7/7/2023,73.910,78.770,33734.880,1.097,1.280,7.220,1922.300,2.570,24.040,4398.950,110.670,102.270
7/8/2023,74.194,78.997,33672.567,1.101,1.288,7.214,1928.532,2.559,24.040,4393.919,110.916,101.867
7/9/2023,73.134,77.944,33727.095,1.102,1.291,7.225,1924.464,2.582,24.040,4394.927,111.093,101.859
7/10/2023,73.050,77.830,33944.400,1.100,1.290,7.230,1922.800,2.640,24.040,4409.530,111.140,101.970
7/11/2023,74.870,79.540,34261.420,1.101,1.290,7.210,1934.000,2.690,24.040,4439.260,111.270,101.730
7/12/2023,75.770,80.350,34347.430,1.113,1.300,7.170,1953.300,2.600,24.040,4472.160,112.270,100.520
7/13/2023,76.860,81.310,34395.140,1.122,1.310,7.150,1958.100,2.530,24.040,4510.040,113.050,99.770
7/14/2023,75.440,79.900,34509.030,1.123,1.310,7.140,1953.700,2.530,24.040,4505.420,112.560,99.910
7/15/2023,73.884,78.099,34483.684,1.122,1.311,7.147,1943.775,2.490,24.040,4497.482,112.353,99.992
7/16/2023,73.342,77.178,34435.668,1.123,1.313,7.163,1938.286,2.450,24.040,4502.368,112.552,99.907
7/17/2023,74.170,77.800,34585.350,1.123,1.310,7.170,1949.600,2.500,24.040,4522.790,112.720,99.840
7/18/2023,75.760,79.540,34951.930,1.123,1.300,7.180,1975.000,2.620,24.040,4554.980,112.750,99.940
7/19/2023,75.400,79.380,35061.210,1.120,1.290,7.230,1975.400,2.590,24.040,4565.720,113.000,100.280
7/20/2023,75.650,79.620,35225.180,1.113,1.290,7.180,1976.100,2.730,24.040,4534.870,112.140,100.880
7/21/2023,77.060,81.060,35227.690,1.112,1.290,7.190,1960.600,2.710,24.040,4536.340,112.230,101.070
7/22/2023,77.818,81.769,35266.582,1.112,1.284,7.219,1960.600,2.659,24.040,4543.315,112.220,101.123
7/23/2023,78.121,81.954,35354.808,1.109,1.279,7.225,1960.600,2.650,24.040,4547.533,112.282,101.200
7/24/2023,78.810,82.530,35411.240,1.106,1.280,7.190,1960.600,2.690,24.040,4554.640,112.060,101.350
7/25/2023,79.760,83.460,35438.070,1.105,1.290,7.130,1960.600,2.750,24.040,4567.460,111.610,101.350
7/26/2023,79.110,82.980,35520.120,1.108,1.290,7.150,1960.600,2.690,24.040,4566.750,112.140,100.890
7/27/2023,80.170,84.280,35282.720,1.097,1.280,7.170,1960.600,2.600,24.040,4537.410,111.020,101.770
7/28/2023,80.550,84.490,35459.290,1.102,1.290,7.150,1960.600,2.750,24.040,4582.230,111.340,101.620
7/29/2023,80.871,84.454,35553.917,1.104,1.292,7.127,1960.600,2.833,24.040,4606.260,111.805,101.406
7/30/2023,81.364,84.691,35523.788,1.102,1.285,7.121,1960.600,2.807,24.040,4598.992,111.818,101.518
7/31/2023,81.800,85.220,35559.530,1.099,1.280,7.140,1960.600,2.740,24.040,4588.960,111.410,101.860
8/1/2023,81.370,85.340,35630.680,1.098,1.280,7.180,1960.600,2.670,24.040,4576.730,110.880,102.300
8/2/2023,79.500,84.010,35282.520,1.094,1.270,7.190,1960.600,2.590,24.040,4513.390,110.800,102.590
8/3/2023,81.560,86.190,35215.890,1.094,1.270,7.170,1960.600,2.670,24.040,4501.890,110.230,102.540
8/4/2023,82.760,87.380,35065.620,1.101,1.270,7.170,1960.600,2.680,24.040,4478.030,111.140,102.020
8/5/2023,82.623,87.071,35139.825,1.105,1.275,7.169,1960.600,2.714,24.040,4481.194,111.300,101.681
8/6/2023,82.089,86.405,35361.029,1.104,1.281,7.171,1960.600,2.775,24.040,4504.796,111.113,101.694
8/7/2023,81.940,86.470,35473.130,1.100,1.280,7.190,1960.600,2.810,24.040,4518.440,111.120,102.050
8/8/2023,82.940,88.000,35314.490,1.095,1.270,7.220,1960.600,2.860,24.040,4499.380,111.410,102.530
8/9/2023,84.350,89.310,35123.360,1.097,1.270,7.210,1960.600,3.050,24.040,4467.710,111.390,102.490
8/10/2023,82.810,87.440,35176.150,1.098,1.270,7.220,1960.600,2.870,24.040,4468.830,110.860,102.520
8/11/2023,83.170,87.930,35281.400,1.094,1.270,7.240,1960.600,2.880,24.040,4464.050,110.190,102.840
8/12/2023,83.606,88.406,35413.229,1.092,1.270,7.249,1960.600,2.945,24.040,4480.309,109.951,103.081
8/13/2023,83.334,88.098,35469.630,1.090,1.270,7.252,1960.600,2.959,24.040,4500.596,110.001,103.181
8/14/2023,82.500,87.400,35307.630,1.090,1.270,7.260,1960.600,2.900,24.040,4489.720,110.000,103.190
8/15/2023,81.060,86.280,34946.390,1.090,1.270,7.280,1960.600,2.780,24.040,4437.860,109.770,103.210
8/16/2023,79.400,84.490,34765.740,1.087,1.270,7.300,1960.600,2.730,24.040,4404.330,109.560,103.430
8/17/2023,80.430,85.240,34474.830,1.087,1.270,7.290,1960.600,2.760,24.040,4370.360,109.280,103.570
8/18/2023,81.250,85.920,34500.660,1.087,1.270,7.280,1960.600,2.690,24.040,4369.710,109.640,103.380
8/19/2023,81.314,86.092,34600.665,1.088,1.276,7.279,1960.600,2.688,24.040,4389.355,109.739,103.174
8/20/2023,81.016,85.919,34613.108,1.091,1.282,7.284,1960.600,2.736,24.040,4406.309,109.472,103.118
8/21/2023,80.710,85.440,34463.690,1.089,1.280,7.290,1960.600,2.740,24.040,4399.770,109.080,103.300
8/22/2023,80.250,84.700,34288.830,1.084,1.270,7.290,1960.600,2.650,24.040,4387.550,109.060,103.560
8/23/2023,78.910,83.940,34472.980,1.086,1.270,7.280,1960.600,2.590,24.040,4436.010,109.910,103.420
8/24/2023,79.520,84.070,34099.420,1.081,1.260,7.280,1960.600,2.640,24.040,4376.310,109.590,103.980
8/25/2023,80.470,85.420,34346.900,1.080,1.260,7.290,1960.600,2.660,24.040,4405.710,109.440,104.080
8/26/2023,80.709,86.275,34497.904,1.080,1.262,7.297,1960.600,2.705,24.040,4419.724,109.446,104.154
8/27/2023,80.580,86.466,34476.003,1.079,1.262,7.298,1960.600,2.735,24.040,4412.201,109.612,104.230
8/28/2023,80.650,86.372,34559.980,1.082,1.260,7.290,1960.600,2.670,24.040,4433.310,110.120,104.060
8/29/2023,81.140,86.370,34852.670,1.088,1.260,7.280,1960.600,2.660,24.040,4497.630,110.810,103.530
8/30/2023,81.640,86.620,34890.240,1.092,1.270,7.280,1960.600,3.180,24.040,4514.870,110.840,103.160
8/31/2023,83.550,87.290,34721.910,1.084,1.270,7.260,1960.600,3.150,24.040,4507.660,111.030,103.620
9/1/2023,85.520,89.980,34837.710,1.077,1.260,7.260,1960.600,3.110,24.040,4515.770,110.580,104.240
9/2/2023,86.350,91.062,34945.976,1.078,1.255,7.259,1960.600,2.920,24.040,4525.004,110.452,104.302
9/3/2023,86.378,90.686,34943.638,1.081,1.256,7.257,1960.600,2.670,24.040,4527.071,110.520,104.114
9/4/2023,86.282,90.420,34839.401,1.079,1.260,7.270,1960.600,2.650,24.040,4518.753,110.330,104.240
9/5/2023,86.740,91.250,34641.970,1.072,1.260,7.300,1960.600,2.990,24.040,4496.830,109.950,104.810
9/6/2023,87.550,91.790,34443.190,1.073,1.250,7.320,1960.600,2.940,24.040,4465.480,109.690,104.860
9/7/2023,86.870,91.160,34500.730,1.070,1.250,7.330,1960.600,2.960,24.040,4451.140,109.980,105.060
9/8/2023,87.510,91.850,34576.590,1.070,1.250,7.340,1960.600,2.970,24.040,4457.490,109.920,105.090
9/9/2023,87.374,91.771,34615.614,1.072,1.250,7.328,1960.600,2.936,24.040,4475.978,109.860,104.883
9/10/2023,86.818,91.325,34638.700,1.073,1.250,7.304,1960.600,2.908,24.040,4491.483,109.803,104.636
9/11/2023,87.300,91.970,34663.720,1.075,1.250,7.290,1960.600,2.940,24.040,4487.460,109.780,104.570
9/12/2023,88.870,93.580,34645.990,1.075,1.250,7.290,1960.600,3.020,24.040,4461.900,109.880,104.710
9/13/2023,88.590,93.040,34575.530,1.073,1.250,7.270,1960.600,2.990,24.040,4467.440,110.020,104.770
9/14/2023,90.130,95.200,34907.110,1.064,1.240,7.280,1960.600,2.980,24.040,4505.100,109.750,105.400
9/15/2023,90.830,95.550,34618.240,1.066,1.240,7.270,1960.600,2.930,24.040,4450.320,109.520,105.320
9/16/2023,91.058,95.399,34479.514,1.068,1.240,7.266,1960.600,2.913,24.040,4423.703,109.583,105.180
9/17/2023,91.248,95.531,34570.072,1.069,1.239,7.274,1960.600,2.943,24.040,4437.097,109.697,105.176
9/18/2023,91.470,95.950,34624.300,1.069,1.240,7.290,1960.600,3.000,24.040,4453.530,109.520,105.200
9/19/2023,91.160,96.110,34517.730,1.068,1.240,7.300,1960.600,3.030,24.040,4443.950,109.120,105.160
9/20/2023,89.200,94.560,34440.880,1.066,1.230,7.290,1960.600,2.920,24.040,4402.200,109.220,105.120
9/21/2023,89.560,93.700,34070.420,1.066,1.230,7.310,1960.600,2.840,24.040,4330.000,108.420,105.360
9/22/2023,90.000,93.990,33963.840,1.065,1.220,7.300,1960.600,2.880,24.040,4320.060,108.690,105.580
9/23/2023,89.732,94.253,34066.426,1.063,1.214,7.296,1960.600,2.923,24.040,4344.457,108.736,105.747
9/24/2023,89.376,94.239,34150.714,1.060,1.216,7.303,1960.600,2.934,24.040,4361.788,108.407,105.885
9/25/2023,89.680,94.010,34006.880,1.059,1.220,7.310,1960.600,2.910,24.040,4337.440,108.170,106.000
9/26/2023,91.430,94.460,33618.880,1.057,1.220,7.310,1960.600,2.850,24.040,4273.530,108.110,106.230
9/27/2023,93.670,97.100,33550.270,1.050,1.210,7.310,1960.600,2.900,24.040,4274.510,107.580,106.670
9/28/2023,91.650,96.640,33666.340,1.056,1.220,7.300,1960.600,3.340,24.040,4299.700,107.860,106.220
9/29/2023,90.770,95.860,33507.500,1.057,1.220,7.300,1960.600,3.310,24.040,4288.050,108.060,106.220
9/30/2023,89.685,93.153,33527.473,1.054,1.215,7.301,1960.600,3.200,24.040,4298.884,108.100,106.447
10/1/2023,88.595,90.467,33613.456,1.051,1.212,7.301,1960.600,3.176,24.040,4314.497,107.914,106.689
10/2/2023,88.810,91.210,33433.350,1.048,1.210,7.300,1960.600,3.230,24.040,4288.390,107.330,106.900
10/3/2023,89.260,94.460,33002.380,1.047,1.210,7.300,1960.600,3.310,24.040,4229.450,106.640,107.000
10/4/2023,84.320,89.830,33129.550,1.050,1.210,7.300,1960.600,3.320,24.040,4263.750,107.110,106.800
10/5/2023,82.300,88.280,33119.570,1.055,1.220,7.300,1960.600,3.510,24.040,4258.190,107.310,106.330
10/6/2023,82.830,87.860,33407.580,1.059,1.220,7.300,1960.600,3.640,24.040,4308.500,106.840,106.040
10/7/2023,84.223,88.659,33572.637,1.059,1.216,7.298,1960.600,3.664,24.040,4336.546,106.977,106.026
10/8/2023,85.676,90.208,33583.352,1.057,1.215,7.294,1960.600,3.641,24.040,4335.419,107.532,106.112
10/9/2023,86.471,91.370,33604.650,1.057,1.220,7.290,1960.600,3.630,24.040,4335.660,107.840,106.080
10/10/2023,85.890,90.700,33739.300,1.060,1.230,7.290,1960.600,3.660,24.040,4358.240,107.720,105.820
10/11/2023,83.700,87.580,33804.870,1.062,1.230,7.300,1960.600,3.660,24.040,4376.950,107.940,105.820
10/12/2023,82.870,88.400,33631.140,1.053,1.220,7.300,1960.600,3.640,24.040,4349.610,107.230,106.600
10/13/2023,87.670,94.330,33670.290,1.051,1.210,7.300,1960.600,3.580,24.040,4327.780,107.720,106.650
10/14/2023,89.641,95.353,33775.789,1.052,1.209,7.304,1960.600,3.531,24.040,4331.299,108.128,106.490
10/15/2023,88.400,92.631,33878.498,1.053,1.214,7.309,1960.600,3.501,24.040,4350.903,107.947,106.360
10/16/2023,86.650,90.990,33984.540,1.056,1.220,7.310,1960.600,3.480,24.040,4373.630,107.200,106.240
10/17/2023,86.660,92.520,33997.650,1.058,1.220,7.310,1960.600,3.470,24.040,4373.200,106.220,106.250
10/18/2023,88.350,91.990,33665.080,1.054,1.210,7.320,1960.600,3.460,24.040,4314.600,105.880,106.570
10/19/2023,89.350,93.120,33414.170,1.058,1.210,7.310,1960.600,3.330,24.040,4278.000,105.420,106.250
10/20/2023,89.120,93.720,33127.280,1.059,1.220,7.320,1960.600,3.260,24.040,4224.160,106.000,106.160
10/21/2023,88.310,94.514,32905.811,1.063,1.223,7.329,1960.600,3.236,24.040,4189.150,106.416,105.814
10/22/2023,87.098,94.511,32828.101,1.068,1.221,7.329,1960.600,3.239,24.040,4186.886,106.477,105.427
10/23/2023,85.490,91.880,32936.410,1.067,1.220,7.320,1960.600,3.270,24.040,4217.040,106.480,105.540
10/24/2023,84.580,88.000,33141.380,1.059,1.220,7.310,1960.600,3.320,24.040,4247.680,106.360,106.270
10/25/2023,86.070,90.140,33035.930,1.056,1.210,7.320,1960.600,3.380,24.040,4186.770,105.670,106.530
10/26/2023,83.800,88.450,32784.300,1.056,1.210,7.320,1960.600,3.480,24.040,4137.230,106.340,106.600
10/27/2023,86.040,90.730,32417.590,1.056,1.210,7.320,1960.600,3.480,24.040,4117.370,106.420,106.560
10/28/2023,86.774,93.035,32399.618,1.059,1.213,7.315,1960.600,3.439,24.040,4121.122,106.352,106.292
10/29/2023,85.147,93.180,32655.481,1.061,1.217,7.309,1960.600,3.448,24.040,4140.680,106.330,106.034
10/30/2023,83.030,90.730,32928.960,1.061,1.220,7.310,1960.600,3.590,24.040,4166.820,106.220,106.120
10/31/2023,81.640,86.820,33052.870,1.058,1.220,7.320,1960.600,3.810,24.040,4193.800,106.170,106.660
11/1/2023,81.050,86.920,33274.580,1.057,1.220,7.320,1960.600,3.750,24.040,4237.860,106.860,106.880
11/2/2023,83.040,89.020,33839.080,1.062,1.220,7.320,1960.600,3.750,24.040,4317.780,107.480,106.120
11/3/2023,81.190,87.550,34061.320,1.073,1.240,7.300,1960.600,3.800,24.040,4358.340,108.360,105.020
11/4/2023,81.016,87.502,34097.298,1.077,1.246,7.280,1960.600,3.772,24.040,4368.266,108.368,104.589
11/5/2023,82.130,88.351,34088.748,1.075,1.238,7.269,1960.600,3.677,24.040,4366.284,107.828,104.768
11/6/2023,81.540,87.310,34095.860,1.072,1.230,7.270,1960.600,3.560,24.040,4365.980,107.590,105.210
11/7/2023,77.960,83.430,34152.600,1.070,1.230,7.280,1960.600,3.460,24.040,4378.380,108.120,105.540
11/8/2023,75.850,81.460,34112.270,1.071,1.230,7.280,1960.600,3.390,24.040,4382.780,108.330,105.590
11/9/2023,76.340,81.740,33891.940,1.067,1.220,7.280,1960.600,3.330,24.040,4347.350,107.530,105.910
11/10/2023,77.229,83.660,34283.100,1.068,1.220,7.290,1960.600,3.280,24.040,4415.240,107.420,105.860
11/11/2023,77.941,84.515,34379.353,1.065,1.218,7.305,1960.600,3.324,24.040,4426.671,107.022,106.176
11/12/2023,78.482,84.346,34243.893,1.062,1.218,7.310,1960.600,3.399,24.040,4396.510,106.707,106.399
11/13/2023,78.860,84.090,34337.870,1.070,1.230,7.290,1960.600,3.400,24.040,4411.550,107.440,105.630
11/14/2023,78.900,84.200,34827.700,1.088,1.250,7.250,1960.600,3.320,24.040,4495.700,108.910,104.050
11/15/2023,77.150,82.400,34991.210,1.085,1.240,7.250,1960.600,3.360,24.040,4502.880,108.220,104.390
11/16/2023,73.500,77.730,34945.470,1.085,1.240,7.240,1960.600,3.240,24.040,4508.240,108.860,104.350
11/17/2023,76.470,81.220,34947.280,1.091,1.250,7.210,1960.600,3.130,24.040,4514.020,108.750,103.920
11/18/2023,78.478,84.033,35040.754,1.094,1.254,7.196,1960.600,3.095,24.040,4528.639,108.770,103.610
11/19/2023,78.387,84.203,35143.335,1.095,1.252,7.190,1960.600,3.088,24.040,4544.703,108.803,103.466
11/20/2023,78.100,83.250,35151.040,1.094,1.250,7.170,1960.600,3.050,24.040,4547.380,108.840,103.440
11/21/2023,78.350,82.420,35088.290,1.091,1.250,7.140,1960.600,2.990,24.040,4538.190,108.940,103.570
11/22/2023,76.800,81.760,35273.030,1.089,1.250,7.160,1960.600,3.030,24.040,4556.620,108.810,103.920
11/23/2023,75.546,80.850,35391.413,1.090,1.250,7.150,1960.600,2.930,24.040,4564.525,108.580,103.770
11/24/2023,74.830,79.820,35390.150,1.094,1.260,7.150,1960.600,3.000,24.040,4559.340,108.390,103.400
11/25/2023,74.203,78.890,35335.977,1.095,1.262,7.150,1960.600,3.055,24.040,4552.526,108.521,103.311
11/26/2023,73.931,78.578,35295.072,1.094,1.259,7.149,1960.600,3.032,24.040,4548.621,108.907,103.352
11/27/2023,74.460,79.490,35333.470,1.095,1.260,7.150,1960.600,2.950,24.040,4550.430,109.380,103.200
11/28/2023,76.090,81.660,35416.980,1.099,1.270,7.150,1960.600,2.840,24.040,4554.890,109.890,102.750
11/29/2023,77.560,82.980,35430.420,1.097,1.270,7.130,1960.600,2.770,24.040,4550.580,110.310,102.760
11/30/2023,75.660,81.720,35950.890,1.089,1.260,7.140,1960.600,2.760,24.040,4567.800,109.800,103.500
12/1/2023,73.700,78.720,36245.500,1.088,1.270,7.140,1960.600,2.770,24.040,4594.630,110.670,103.270
12/2/2023,72.816,77.441,36317.974,1.088,1.273,7.136,1960.600,2.724,24.040,4596.022,110.450,103.140
12/3/2023,72.649,77.692,36283.275,1.087,1.266,7.136,1960.600,2.660,24.040,4580.709,110.028,103.356
12/4/2023,72.730,78.160,36204.440,1.084,1.260,7.140,1960.600,2.650,24.040,4569.780,110.190,103.710
12/5/2023,71.950,77.270,36124.560,1.080,1.260,7.150,1960.600,2.670,24.040,4567.180,110.920,104.050
12/6/2023,68.980,74.330,36054.430,1.076,1.260,7.160,1960.600,2.520,24.040,4549.340,111.140,104.150
12/7/2023,69.000,74.210,36117.380,1.079,1.260,7.150,1960.600,2.520,24.040,4585.590,111.160,103.540
12/8/2023,70.870,75.940,36247.870,1.076,1.250,7.160,1960.600,2.500,24.040,4604.370,110.270,104.010
12/9/2023,72.361,76.963,36329.448,1.074,1.248,7.172,1960.600,2.475,24.040,4611.641,110.380,104.331
12/10/2023,72.587,76.858,36368.781,1.074,1.254,7.179,1960.600,2.438,24.040,4617.049,110.463,104.264
12/11/2023,70.950,75.750,36404.930,1.076,1.260,7.180,1960.600,2.350,24.040,4622.440,110.330,104.100
12/12/2023,68.270,74.110,36577.940,1.079,1.260,7.180,1960.600,2.240,24.040,4643.700,110.550,103.860
12/13/2023,69.090,74.140,37090.240,1.087,1.260,7.170,1960.600,2.290,24.040,4707.090,111.890,102.870
12/14/2023,71.210,77.050,37248.350,1.099,1.280,7.110,1960.600,2.350,24.040,4719.550,112.520,101.960
12/15/2023,71.050,76.840,37305.160,1.089,1.270,7.120,1960.600,2.430,24.040,4719.190,112.410,102.550
12/16/2023,70.855,76.849,37220.014,1.083,1.257,7.135,1960.600,2.468,24.040,4712.295,112.520,103.024
12/17/2023,71.283,77.795,37139.897,1.085,1.253,7.135,1960.600,2.458,24.040,4712.433,112.401,102.979
12/18/2023,72.160,78.890,37306.020,1.092,1.260,7.130,1960.600,2.420,24.040,4740.560,112.250,102.560
12/19/2023,73.230,79.820,37557.920,1.098,1.270,7.130,1960.600,2.370,24.040,4768.370,112.440,102.170
12/20/2023,73.870,81.100,37082.000,1.094,1.260,7.140,1960.600,2.350,24.040,4698.350,112.780,102.410
12/21/2023,73.590,80.730,37404.350,1.101,1.270,7.140,1960.600,2.460,24.040,4746.750,112.670,101.840
12/22/2023,73.290,80.230,37385.970,1.101,1.270,7.130,1960.600,2.490,24.040,4754.630,112.590,101.700
12/23/2023,73.892,80.459,37308.218,1.100,1.269,7.129,1960.600,2.472,24.040,4750.763,112.720,101.703
12/24/2023,75.001,81.123,37332.982,1.100,1.270,7.135,1960.600,2.444,24.040,4755.604,112.720,101.710
12/25/2023,75.891,81.747,37424.081,1.101,1.270,7.140,1960.600,2.420,24.040,4764.988,112.630,101.724
12/26/2023,75.840,81.854,37545.330,1.104,1.270,7.140,1960.600,2.420,24.040,4774.750,112.720,101.470
12/27/2023,74.310,80.970,37656.520,1.110,1.280,7.140,1960.600,2.440,24.040,4781.580,113.330,100.990
12/28/2023,72.020,79.040,37710.100,1.106,1.270,7.110,1960.600,2.380,24.040,4783.350,112.890,101.230
12/29/2023,71.890,77.690,37689.540,1.104,1.270,7.100,1960.600,2.330,24.040,4769.830,112.890,101.330
12/30/2023,71.890,77.690,37689.540,1.104,1.270,7.100,1960.600,2.330,24.040,4769.830,112.690,101.265
12/31/2023,71.890,77.690,37689.540,1.104,1.270,7.100,1960.600,2.330,24.040,4769.830,112.690,101.380
